;word_counts;Artist;Title;valence_tags;arousal_tags;dominance_tags;seeds
0;{6: 7, 7: 2, 24: 1, 38: 3, 42: 3, 47: 8, 77: 4, 90: 2, 104: 2, 117: 3, 208: 2, 246: 1, 286: 5, 315: 2, 321: 1, 351: 2, 387: 1, 388: 4, 391: 1, 411: 1, 493: 1, 530: 2, 533: 1, 644: 3, 709: 1, 1058: 2, 1119: 1, 1816: 5, 1999: 1, 2235: 5, 2374: 1, 2677: 1, 3120: 3, 3132: 1, 3883: 1, 4291: 1};Soda Stereo;Entre Caníbales;3.13;2.9975;3.2124999999999995;['nostalgic']
1;{1: 32, 2: 16, 3: 20, 4: 21, 5: 3, 6: 5, 7: 22, 8: 5, 9: 5, 10: 2, 11: 5, 12: 2, 13: 3, 14: 1, 15: 2, 16: 3, 17: 10, 19: 6, 20: 13, 21: 6, 22: 3, 23: 1, 24: 1, 25: 5, 26: 1, 27: 11, 28: 1, 29: 3, 32: 1, 34: 1, 35: 1, 36: 1, 40: 12, 41: 7, 44: 6, 45: 1, 46: 4, 48: 1, 49: 4, 51: 10, 52: 4, 54: 4, 56: 2, 58: 4, 61: 1, 62: 2, 63: 3, 65: 5, 66: 1, 70: 1, 71: 4, 73: 1, 75: 1, 78: 14, 83: 8, 85: 1, 86: 2, 87: 6, 89: 1, 91: 1, 92: 5, 94: 1, 96: 1, 100: 8, 108: 3, 109: 4, 119: 1, 123: 1, 129: 2, 146: 1, 149: 1, 154: 2, 156: 1, 159: 3, 160: 1, 163: 1, 168: 2, 173: 1, 190: 4, 200: 1, 203: 1, 229: 4, 232: 1, 238: 5, 239: 1, 241: 1, 244: 1, 249: 1, 258: 4, 295: 1, 299: 1, 306: 1, 324: 1, 370: 3, 372: 1, 376: 4, 407: 4, 410: 1, 469: 4, 483: 1, 488: 4, 547: 1, 589: 1, 595: 4, 605: 3, 624: 8, 662: 1, 666: 1, 713: 1, 754: 1, 767: 1, 782: 1, 812: 1, 825: 2, 859: 1, 955: 1, 1024: 3, 1045: 1, 1143: 1, 1173: 1, 1216: 1, 1272: 1, 1310: 8, 2238: 1, 2771: 1, 2985: 1, 3376: 1};Boyz II Men;On Bended Knee;6.472533333333334;4.5090666666666674;5.800933333333333;['romantic']
2;{1: 10, 2: 8, 3: 1, 4: 8, 5: 7, 6: 3, 7: 2, 8: 3, 9: 3, 10: 1, 11: 6, 12: 3, 13: 1, 14: 1, 17: 3, 20: 4, 21: 2, 22: 2, 23: 2, 25: 1, 27: 1, 29: 1, 30: 2, 34: 1, 41: 3, 48: 1, 50: 1, 54: 1, 59: 3, 61: 2, 63: 2, 64: 1, 65: 2, 75: 3, 81: 3, 83: 4, 85: 1, 92: 1, 108: 2, 113: 1, 120: 1, 122: 2, 143: 4, 150: 2, 156: 1, 157: 3, 162: 1, 169: 1, 180: 2, 196: 1, 233: 2, 240: 1, 258: 1, 263: 1, 265: 1, 269: 2, 281: 1, 283: 1, 290: 1, 306: 2, 310: 1, 323: 1, 331: 4, 398: 1, 417: 1, 459: 1, 562: 2, 596: 3, 613: 3, 624: 1, 628: 1, 661: 1, 733: 1, 745: 3, 812: 1, 912: 1, 918: 2, 1164: 2, 1247: 1, 1387: 1, 1458: 1, 2872: 1, 2992: 1, 3187: 1, 3459: 1};Pearl Jam;Inside Job;6.47;3.962608695652174;5.741304347826087;['epic']
3;{1: 17, 2: 17, 3: 15, 4: 26, 5: 8, 6: 19, 7: 4, 8: 3, 9: 6, 10: 4, 11: 11, 12: 9, 13: 7, 14: 8, 15: 1, 16: 7, 17: 7, 18: 3, 19: 1, 20: 4, 21: 5, 22: 1, 23: 10, 24: 2, 25: 3, 26: 6, 27: 3, 28: 3, 29: 3, 30: 7, 31: 5, 32: 7, 33: 8, 34: 2, 35: 2, 36: 2, 37: 6, 40: 7, 44: 1, 49: 4, 51: 1, 62: 1, 64: 3, 67: 1, 68: 1, 70: 1, 72: 2, 74: 1, 79: 1, 86: 1, 89: 1, 99: 4, 100: 2, 101: 1, 103: 3, 107: 2, 109: 2, 115: 1, 118: 1, 120: 1, 122: 3, 123: 1, 125: 3, 145: 1, 146: 1, 148: 1, 163: 1, 176: 1, 178: 1, 187: 1, 192: 1, 206: 1, 229: 1, 232: 1, 240: 1, 242: 1, 247: 5, 259: 1, 270: 1, 278: 1, 281: 9, 295: 1, 316: 1, 327: 1, 334: 1, 338: 1, 370: 1, 390: 1, 402: 1, 406: 1, 434: 1, 455: 2, 458: 1, 471: 1, 497: 1, 508: 1, 510: 1, 534: 1, 535: 1, 542: 1, 563: 4, 578: 1, 646: 1, 647: 2, 701: 2, 712: 1, 752: 1, 768: 1, 779: 1, 784: 7, 846: 1, 865: 1, 872: 1, 877: 1, 881: 3, 898: 1, 915: 1, 942: 1, 970: 1, 980: 1, 989: 2, 997: 1, 1038: 1, 1073: 1, 1090: 1, 1108: 1, 1162: 1, 1222: 1, 1232: 1, 1241: 1, 1271: 1, 1303: 1, 1333: 2, 1375: 2, 1381: 1, 1401: 1, 1506: 1, 1525: 3, 1526: 2, 1543: 1, 1646: 1, 1682: 1, 1695: 1, 1728: 1, 1780: 1, 1855: 1, 1918: 1, 1950: 1, 2031: 1, 2056: 1, 2068: 1, 2138: 4, 2167: 1, 2234: 1, 2261: 1, 2302: 1, 2324: 1, 2336: 1, 2395: 1, 2397: 1, 2398: 1, 2417: 1, 2439: 1, 2455: 4, 2477: 1, 2596: 1, 2627: 1, 2668: 1, 2693: 1, 2826: 1, 2857: 1, 2942: 1, 3157: 1, 3217: 1, 3296: 1, 3569: 1, 3593: 1, 3627: 1, 3762: 1, 3929: 1, 4134: 1, 4177: 1, 4304: 1, 4392: 4, 4429: 1, 4638: 1, 4702: 1, 4803: 1};Busdriver;(Bloody Paw On The) Kill Floor;2.54;2.045;2.305;['apocalyptic']
4;{2: 11, 3: 2, 4: 6, 5: 2, 6: 8, 7: 3, 10: 6, 11: 2, 12: 3, 18: 2, 22: 2, 65: 2, 76: 2, 81: 2, 89: 3, 93: 2, 131: 2, 143: 3, 146: 2, 180: 4, 213: 3, 245: 2, 289: 3, 295: 2, 374: 2, 377: 2, 403: 6, 517: 2, 705: 2, 726: 4, 883: 2, 1533: 2, 2191: 2, 4782: 2};Orbital;Illuminate;5.6288888888888895;3.875111111111111;4.814222222222222;['driving']
5;{1: 2, 2: 3, 3: 5, 4: 11, 5: 1, 7: 10, 9: 1, 11: 4, 12: 2, 13: 2, 15: 8, 16: 3, 22: 3, 24: 6, 28: 1, 29: 5, 32: 1, 33: 3, 46: 5, 48: 6, 54: 6, 57: 6, 58: 1, 72: 1, 80: 11, 89: 1, 92: 6, 105: 6, 111: 3, 135: 1, 190: 3, 228: 2, 303: 1, 306: 2, 311: 1, 312: 9, 323: 1, 353: 8, 436: 1, 467: 2, 481: 1, 534: 1, 682: 1, 721: 1, 970: 2, 1120: 5, 1446: 2, 1594: 1, 1711: 1, 2138: 1, 2274: 1, 2462: 1, 2631: 7, 2992: 1, 3038: 1, 3125: 1, 3317: 1, 4252: 6, 4368: 1, 4386: 5};Extreme;Teacher's Pet;3.85;5.64;4.6;['sleazy']
6;{1: 17, 2: 5, 3: 7, 4: 8, 5: 10, 6: 1, 7: 9, 8: 12, 9: 5, 10: 6, 11: 7, 12: 8, 13: 1, 14: 1, 15: 6, 17: 1, 18: 1, 22: 1, 24: 9, 25: 13, 26: 1, 27: 1, 29: 1, 30: 4, 31: 6, 32: 4, 34: 7, 35: 2, 36: 3, 39: 1, 40: 2, 43: 5, 48: 11, 51: 1, 56: 3, 61: 1, 63: 1, 68: 3, 70: 3, 75: 1, 82: 1, 83: 1, 94: 3, 96: 8, 98: 4, 101: 2, 105: 1, 119: 3, 120: 4, 121: 1, 127: 8, 131: 1, 133: 2, 138: 3, 141: 1, 144: 3, 147: 1, 148: 3, 149: 6, 155: 1, 161: 1, 167: 3, 169: 1, 182: 1, 188: 1, 192: 3, 193: 1, 194: 1, 197: 11, 203: 1, 204: 9, 228: 3, 264: 3, 265: 4, 268: 4, 306: 1, 311: 3, 336: 1, 394: 1, 402: 1, 407: 1, 468: 1, 522: 1, 540: 1, 582: 1, 624: 1, 642: 1, 663: 1, 666: 3, 690: 1, 728: 1, 1083: 1, 1193: 1, 1200: 1, 1489: 3, 1514: 1, 1783: 3, 2493: 1, 2982: 3, 2989: 3};Shawn Colvin;Another Long One;6.55;3.52;5.89;['light']
7;{1: 65, 2: 11, 3: 6, 4: 36, 5: 9, 6: 3, 7: 2, 8: 6, 9: 10, 10: 8, 11: 7, 12: 2, 13: 3, 14: 5, 15: 8, 16: 6, 18: 2, 19: 1, 20: 8, 22: 3, 23: 5, 24: 1, 25: 1, 26: 4, 27: 1, 28: 1, 29: 1, 30: 7, 31: 3, 33: 4, 35: 1, 36: 1, 37: 2, 40: 1, 44: 9, 48: 8, 50: 1, 52: 15, 54: 6, 55: 1, 57: 1, 58: 2, 59: 16, 63: 5, 66: 1, 67: 2, 70: 9, 74: 34, 78: 6, 79: 1, 81: 1, 83: 1, 84: 1, 86: 19, 92: 7, 94: 1, 98: 6, 99: 2, 105: 1, 111: 1, 113: 1, 118: 6, 122: 1, 124: 1, 135: 3, 137: 4, 139: 2, 142: 2, 146: 2, 149: 2, 156: 1, 159: 22, 170: 12, 171: 1, 178: 1, 180: 1, 192: 2, 196: 2, 203: 5, 205: 2, 213: 2, 214: 2, 217: 3, 220: 1, 235: 2, 249: 1, 256: 1, 258: 1, 274: 1, 311: 1, 335: 2, 372: 2, 384: 1, 403: 2, 415: 1, 425: 1, 433: 1, 446: 1, 464: 2, 465: 1, 467: 2, 480: 1, 491: 1, 504: 2, 509: 1, 545: 2, 670: 1, 678: 1, 680: 1, 725: 2, 738: 4, 759: 1, 771: 1, 808: 2, 815: 2, 837: 2, 878: 1, 908: 1, 1024: 1, 1027: 1, 1028: 2, 1074: 1, 1095: 1, 1193: 1, 1249: 1, 1450: 2, 1456: 3, 1469: 1, 1482: 2, 1486: 3, 1505: 1, 1586: 1, 1697: 2, 1727: 1, 1823: 2, 1860: 1, 1923: 1, 1930: 2, 1939: 1, 2256: 1, 2352: 1, 2540: 1, 2818: 2, 2834: 1, 3024: 2, 3272: 1, 3529: 1, 4164: 1, 4229: 1, 4473: 1};Christina Aguilera;Walk Away;5.0582568807339445;4.767339449541284;5.235137614678899;['sexy', 'sad']
8;{2: 5, 3: 1, 4: 14, 5: 10, 6: 3, 10: 5, 12: 5, 14: 1, 18: 1, 19: 2, 22: 1, 23: 4, 24: 4, 25: 1, 27: 5, 31: 2, 32: 5, 35: 4, 36: 1, 47: 2, 60: 8, 64: 2, 75: 1, 81: 6, 85: 3, 86: 3, 91: 1, 115: 1, 126: 2, 129: 2, 132: 2, 143: 3, 150: 1, 156: 1, 163: 2, 164: 1, 186: 4, 188: 1, 197: 4, 199: 1, 201: 2, 210: 2, 219: 1, 224: 2, 228: 1, 237: 1, 282: 4, 292: 1, 322: 2, 325: 2, 340: 2, 380: 1, 404: 1, 410: 1, 446: 1, 447: 1, 468: 1, 472: 1, 492: 2, 501: 1, 513: 1, 564: 1, 576: 1, 587: 1, 617: 1, 645: 2, 667: 1, 705: 1, 717: 1, 735: 1, 745: 1, 876: 1, 942: 2, 1012: 1, 1067: 1, 1145: 3, 1185: 2, 1344: 1, 1382: 1, 1392: 1, 1435: 1, 1456: 2, 1501: 2, 1646: 2, 1670: 1, 1914: 2, 2149: 4, 2458: 2, 2596: 1, 2718: 14, 2777: 1, 2902: 1, 3038: 2, 3202: 14, 3226: 2, 3716: 2, 3732: 1, 3988: 2, 4478: 2};Sade;Smooth Operator;6.630625000000001;4.152500000000001;6.1020312500000005;['smooth']
9;{1: 8, 2: 17, 3: 2, 4: 4, 5: 2, 6: 4, 8: 4, 9: 8, 10: 3, 12: 6, 13: 4, 14: 2, 15: 6, 16: 6, 17: 3, 18: 12, 19: 12, 24: 4, 28: 4, 30: 1, 31: 5, 36: 3, 40: 2, 51: 1, 54: 2, 61: 1, 62: 1, 64: 1, 81: 4, 93: 2, 118: 1, 124: 4, 125: 2, 132: 2, 140: 1, 150: 1, 168: 1, 169: 3, 175: 4, 191: 3, 192: 1, 219: 1, 224: 1, 269: 1, 275: 6, 301: 2, 303: 1, 332: 1, 340: 1, 370: 1, 395: 1, 419: 1, 430: 1, 459: 1, 460: 3, 475: 1, 481: 1, 486: 1, 528: 1, 540: 1, 577: 1, 619: 1, 661: 1, 684: 3, 755: 3, 768: 1, 924: 1, 973: 3, 1021: 1, 1111: 1, 1130: 1, 1142: 2, 1203: 1, 2050: 3, 2185: 3, 2500: 1, 2570: 1, 3263: 1, 3284: 1};Hem;Redwing;4.1375;2.61;4.24;['wistful']
10;{1: 41, 2: 1, 3: 17, 4: 5, 5: 8, 7: 8, 8: 4, 10: 4, 11: 11, 12: 3, 14: 5, 15: 2, 17: 3, 18: 4, 19: 1, 21: 1, 26: 2, 27: 2, 28: 4, 30: 1, 31: 1, 33: 1, 35: 1, 54: 1, 55: 9, 61: 4, 64: 1, 65: 1, 67: 1, 72: 1, 73: 8, 74: 1, 82: 1, 85: 1, 86: 8, 87: 2, 95: 1, 111: 1, 113: 4, 116: 3, 119: 4, 132: 4, 140: 1, 163: 5, 168: 1, 216: 1, 222: 3, 229: 1, 230: 1, 232: 6, 235: 1, 237: 1, 249: 1, 269: 1, 299: 1, 301: 4, 345: 1, 424: 1, 430: 1, 454: 1, 469: 2, 485: 8, 520: 1, 536: 2, 549: 1, 605: 1, 684: 4, 730: 1, 748: 1, 825: 1, 924: 4, 929: 1, 1107: 4, 1514: 1, 1727: 8};Britney Spears;Everytime;5.045363636363637;4.322454545454546;4.944999999999999;['sad']
11;{1: 17, 2: 22, 3: 8, 4: 8, 5: 9, 6: 2, 7: 4, 8: 2, 9: 3, 10: 2, 11: 5, 12: 8, 13: 3, 14: 3, 15: 1, 18: 1, 20: 8, 21: 1, 23: 1, 25: 2, 26: 4, 28: 2, 29: 2, 33: 1, 34: 3, 35: 2, 41: 6, 44: 2, 51: 2, 52: 1, 55: 2, 56: 4, 57: 3, 59: 2, 62: 4, 65: 11, 79: 1, 83: 2, 96: 2, 97: 1, 103: 2, 120: 1, 126: 1, 127: 2, 141: 2, 152: 1, 157: 1, 159: 2, 164: 2, 216: 2, 223: 1, 238: 8, 254: 2, 299: 1, 301: 1, 316: 1, 340: 2, 368: 2, 374: 1, 415: 1, 459: 2, 475: 2, 478: 1, 481: 1, 495: 2, 512: 1, 514: 1, 624: 2, 758: 1, 915: 3, 1062: 2, 1129: 2, 1149: 3, 1209: 1, 1222: 2, 1454: 2, 1506: 1, 1582: 2, 2759: 1, 2830: 1, 3051: 2, 3089: 2};Sick Puppies;Master Of The Universe;5.25;3.73;3.94;['hypnotic']
12;{1: 20, 2: 16, 3: 10, 4: 13, 5: 11, 6: 11, 7: 4, 8: 13, 9: 8, 10: 7, 11: 2, 12: 8, 13: 3, 14: 2, 15: 11, 16: 6, 17: 1, 18: 1, 19: 9, 20: 5, 21: 2, 22: 3, 23: 3, 25: 2, 26: 4, 27: 2, 28: 4, 29: 3, 30: 2, 31: 1, 32: 10, 33: 3, 34: 7, 35: 5, 36: 7, 37: 1, 39: 4, 41: 1, 43: 1, 44: 3, 45: 3, 46: 1, 48: 2, 49: 10, 50: 1, 52: 4, 53: 1, 54: 9, 55: 2, 56: 4, 57: 2, 58: 3, 59: 1, 60: 2, 62: 2, 63: 2, 69: 4, 72: 5, 78: 1, 80: 1, 83: 2, 84: 3, 87: 3, 88: 1, 89: 1, 91: 2, 92: 2, 94: 1, 95: 3, 96: 2, 98: 1, 99: 2, 100: 1, 101: 1, 103: 2, 107: 1, 109: 1, 113: 1, 115: 1, 116: 1, 124: 5, 125: 7, 141: 1, 145: 3, 147: 1, 149: 1, 155: 2, 160: 1, 161: 1, 167: 1, 182: 2, 190: 1, 192: 1, 197: 1, 203: 2, 207: 1, 211: 1, 215: 2, 219: 1, 220: 1, 223: 1, 227: 2, 238: 1, 241: 2, 242: 2, 244: 4, 254: 1, 258: 1, 261: 2, 267: 1, 270: 1, 275: 1, 277: 1, 284: 1, 291: 2, 294: 1, 295: 1, 306: 1, 308: 1, 311: 1, 316: 1, 332: 1, 337: 1, 342: 1, 356: 1, 357: 1, 373: 1, 378: 2, 380: 1, 390: 1, 393: 1, 394: 2, 409: 1, 431: 3, 452: 1, 455: 3, 464: 1, 470: 1, 475: 1, 478: 1, 483: 1, 494: 1, 499: 1, 522: 1, 529: 1, 531: 1, 534: 1, 546: 2, 552: 1, 557: 1, 576: 1, 611: 1, 612: 1, 631: 1, 634: 1, 638: 1, 655: 1, 678: 1, 681: 1, 687: 1, 733: 1, 752: 1, 769: 1, 789: 1, 798: 1, 799: 1, 811: 1, 812: 1, 871: 1, 933: 1, 956: 1, 1008: 1, 1106: 1, 1177: 1, 1195: 2, 1205: 3, 1214: 1, 1216: 1, 1233: 1, 1270: 1, 1323: 1, 1346: 1, 1355: 1, 1381: 2, 1385: 1, 1481: 1, 1511: 1, 1645: 1, 1658: 1, 1686: 1, 1692: 1, 1848: 1, 1851: 1, 1929: 1, 1931: 1, 2032: 1, 2068: 1, 2179: 1, 2198: 1, 2205: 1, 2352: 1, 2650: 2, 2661: 1, 2814: 1, 2871: 1, 2976: 1, 3057: 2, 3202: 1, 3252: 1, 3310: 1, 3453: 1, 3485: 1, 3618: 1, 3703: 1, 3795: 1, 4041: 1, 4043: 1, 4122: 1, 4278: 3, 4386: 1, 4404: 1, 4482: 1, 4589: 2, 4630: 1, 4648: 1, 4964: 1};Eminem;Ricky Ticky Toc;5.1;4.09;6.44;['poignant']
13;{1: 7, 2: 6, 3: 4, 4: 4, 5: 3, 6: 2, 7: 3, 8: 2, 10: 3, 11: 4, 12: 6, 13: 2, 14: 1, 15: 1, 16: 1, 17: 1, 19: 2, 20: 1, 22: 1, 24: 3, 25: 2, 28: 1, 30: 6, 32: 3, 34: 1, 35: 1, 36: 1, 40: 1, 45: 1, 46: 7, 51: 1, 53: 3, 54: 4, 61: 2, 62: 1, 71: 1, 72: 1, 75: 1, 80: 3, 81: 1, 82: 3, 83: 1, 89: 2, 94: 3, 97: 1, 98: 2, 105: 1, 107: 1, 138: 1, 141: 2, 147: 1, 166: 1, 172: 1, 173: 1, 180: 1, 185: 1, 199: 1, 203: 1, 212: 1, 217: 1, 234: 1, 251: 1, 252: 1, 258: 1, 264: 1, 292: 1, 297: 1, 328: 1, 349: 1, 352: 1, 355: 1, 368: 1, 373: 1, 384: 1, 421: 1, 422: 2, 426: 1, 443: 1, 448: 1, 461: 2, 486: 4, 492: 1, 495: 2, 529: 1, 625: 1, 693: 1, 696: 1, 713: 1, 774: 1, 778: 1, 842: 1, 962: 1, 965: 1, 1107: 4, 1130: 1, 1725: 1, 2107: 1, 2124: 1, 2493: 1, 2535: 1, 4103: 1};Alice Cooper;This House Is Haunted;2.5933333333333333;4.043333333333333;2.6566666666666667;['halloween', 'macabre', 'spooky']
14;{1: 86, 2: 41, 3: 23, 4: 16, 5: 36, 6: 11, 7: 17, 8: 24, 9: 28, 10: 14, 11: 11, 12: 11, 13: 7, 14: 2, 15: 5, 16: 9, 17: 5, 20: 43, 21: 1, 22: 5, 23: 3, 24: 3, 25: 7, 26: 6, 28: 4, 29: 4, 30: 14, 31: 5, 32: 7, 33: 5, 34: 14, 35: 6, 36: 2, 37: 2, 40: 3, 41: 1, 43: 1, 44: 2, 45: 6, 46: 1, 48: 2, 49: 6, 50: 2, 52: 4, 54: 7, 55: 2, 56: 8, 59: 1, 61: 1, 63: 1, 65: 4, 66: 12, 67: 2, 68: 7, 70: 2, 72: 7, 78: 2, 79: 1, 83: 1, 86: 2, 88: 1, 89: 3, 95: 9, 96: 1, 97: 1, 99: 3, 101: 2, 103: 5, 109: 2, 110: 1, 113: 1, 115: 5, 116: 7, 118: 1, 122: 3, 123: 5, 126: 2, 136: 2, 138: 1, 139: 1, 141: 7, 145: 2, 146: 1, 147: 1, 148: 1, 149: 1, 153: 1, 157: 1, 171: 2, 173: 1, 174: 3, 191: 2, 195: 2, 203: 1, 205: 1, 207: 1, 210: 3, 227: 3, 230: 2, 231: 1, 232: 1, 239: 2, 242: 1, 244: 1, 248: 1, 249: 1, 255: 1, 257: 2, 261: 3, 264: 1, 275: 2, 287: 1, 290: 1, 302: 1, 304: 1, 322: 1, 327: 1, 335: 1, 338: 1, 340: 1, 344: 1, 347: 1, 363: 1, 366: 1, 378: 1, 384: 1, 419: 1, 422: 2, 425: 1, 434: 1, 447: 1, 455: 4, 458: 1, 462: 1, 475: 1, 484: 1, 489: 1, 491: 1, 494: 1, 502: 1, 512: 1, 514: 1, 516: 1, 527: 1, 537: 2, 538: 1, 546: 1, 568: 1, 585: 1, 587: 1, 594: 1, 607: 1, 631: 1, 642: 1, 659: 1, 662: 1, 681: 1, 688: 2, 707: 1, 711: 1, 713: 2, 716: 1, 725: 1, 767: 1, 768: 1, 784: 1, 786: 1, 799: 6, 813: 7, 814: 1, 846: 3, 848: 1, 853: 3, 877: 1, 879: 1, 912: 1, 921: 2, 922: 1, 970: 2, 973: 1, 989: 1, 1023: 1, 1036: 2, 1054: 1, 1094: 1, 1106: 1, 1115: 1, 1127: 6, 1149: 3, 1154: 6, 1172: 1, 1208: 1, 1257: 2, 1370: 1, 1381: 1, 1410: 1, 1471: 1, 1519: 1, 1672: 1, 1706: 1, 1711: 1, 1712: 1, 1738: 1, 1749: 1, 1780: 1, 1826: 1, 1868: 1, 1925: 1, 1949: 1, 1958: 1, 2010: 1, 2128: 1, 2219: 1, 2222: 3, 2234: 1, 2282: 1, 2315: 1, 2343: 1, 2466: 1, 2518: 1, 2544: 1, 2578: 1, 2594: 1, 2598: 1, 2646: 1, 2662: 1, 2723: 2, 2736: 1, 2754: 1, 2898: 1, 3063: 1, 3182: 1, 3241: 1, 3315: 1, 3348: 1, 3612: 1, 3722: 1, 3745: 1, 3785: 1, 3943: 1, 3978: 1, 4066: 1, 4341: 1, 4447: 1, 4600: 1, 4831: 1};Eminem;The Way I Am;3.247333333333333;5.664888888888888;4.566666666666667;['angry']
15;{1: 2, 2: 26, 3: 1, 5: 1, 7: 1, 9: 1, 10: 6, 21: 2, 22: 1, 24: 1, 28: 3, 32: 3, 44: 12, 46: 1, 51: 11, 58: 2, 59: 3, 63: 1, 71: 1, 74: 1, 98: 3, 153: 1, 168: 1, 191: 3, 197: 1, 206: 11, 207: 1, 234: 15, 278: 3, 283: 3, 324: 3, 354: 2, 379: 1, 460: 1, 503: 3, 539: 3, 576: 1, 585: 3, 723: 1, 743: 1, 885: 1, 981: 3, 1303: 3, 1611: 3, 2172: 2, 3334: 1, 3941: 3, 4526: 3};Cake;Alpha Beta Parking Lot;5.045;2.845;4.891666666666667;['lyrical']
16;{1: 18, 2: 37, 3: 11, 4: 11, 5: 26, 6: 9, 7: 13, 8: 8, 9: 12, 10: 1, 11: 7, 12: 5, 13: 6, 14: 4, 15: 4, 16: 8, 17: 9, 18: 3, 19: 8, 21: 7, 22: 1, 23: 3, 24: 5, 25: 3, 27: 2, 28: 10, 29: 12, 30: 9, 31: 4, 32: 5, 33: 3, 34: 5, 35: 2, 36: 5, 37: 8, 39: 2, 40: 1, 43: 2, 44: 1, 45: 3, 47: 6, 48: 3, 49: 7, 50: 1, 52: 3, 56: 3, 59: 1, 61: 1, 62: 5, 63: 1, 64: 1, 67: 1, 70: 1, 71: 8, 72: 2, 75: 1, 78: 1, 83: 2, 84: 1, 86: 2, 88: 1, 93: 2, 97: 1, 98: 2, 100: 7, 101: 1, 103: 2, 109: 1, 111: 10, 113: 1, 116: 1, 118: 1, 121: 2, 123: 1, 129: 2, 130: 1, 135: 1, 139: 2, 140: 3, 143: 2, 144: 1, 145: 1, 146: 2, 152: 1, 156: 1, 161: 4, 174: 3, 190: 3, 196: 1, 206: 2, 212: 4, 214: 1, 215: 3, 217: 1, 219: 3, 223: 1, 229: 5, 234: 1, 237: 8, 240: 3, 241: 3, 248: 1, 249: 1, 254: 1, 258: 1, 260: 2, 278: 1, 282: 2, 291: 1, 294: 1, 297: 1, 304: 1, 313: 1, 323: 1, 324: 6, 325: 7, 326: 1, 342: 1, 353: 1, 356: 7, 366: 1, 373: 1, 378: 2, 384: 2, 415: 1, 422: 7, 423: 1, 447: 1, 451: 1, 459: 1, 464: 1, 476: 1, 488: 1, 497: 1, 500: 1, 513: 1, 520: 1, 523: 1, 577: 2, 588: 1, 589: 1, 601: 1, 603: 8, 611: 2, 613: 1, 619: 6, 631: 1, 655: 1, 656: 1, 658: 19, 707: 1, 724: 1, 725: 2, 864: 8, 868: 1, 881: 4, 900: 1, 936: 1, 954: 1, 991: 1, 1129: 5, 1144: 1, 1145: 1, 1152: 3, 1163: 1, 1214: 1, 1271: 1, 1276: 9, 1294: 2, 1301: 1, 1381: 1, 1448: 1, 1513: 1, 1622: 4, 1651: 1, 1680: 1, 1688: 1, 1700: 1, 1787: 1, 1790: 1, 1813: 1, 1827: 2, 1950: 1, 2100: 2, 2158: 1, 2189: 1, 2344: 1, 2406: 1, 2495: 1, 2571: 2, 2581: 1, 2648: 1, 2676: 1, 3023: 1, 3096: 1, 3251: 1, 3368: 1, 3584: 4, 3644: 1, 3867: 1, 4143: 1, 4159: 1, 4195: 1, 4855: 1, 4951: 1};K-OS;Heaven Only Knows;6.58;3.815;6.195;['peaceful']
17;{1: 23, 2: 16, 3: 1, 4: 6, 5: 9, 6: 11, 7: 2, 8: 1, 9: 1, 10: 4, 11: 14, 12: 1, 13: 2, 15: 2, 17: 5, 18: 2, 19: 1, 20: 6, 22: 2, 23: 2, 25: 1, 27: 1, 28: 8, 32: 2, 35: 1, 36: 1, 40: 1, 48: 2, 50: 1, 54: 4, 57: 1, 59: 3, 60: 2, 68: 1, 69: 2, 70: 1, 71: 2, 72: 1, 78: 1, 79: 1, 93: 1, 103: 1, 109: 2, 111: 1, 122: 2, 132: 1, 139: 1, 143: 1, 146: 1, 150: 2, 155: 1, 159: 1, 160: 1, 167: 1, 188: 1, 205: 1, 207: 1, 224: 1, 227: 1, 235: 1, 242: 1, 255: 1, 265: 2, 275: 1, 278: 1, 291: 1, 292: 1, 294: 1, 301: 1, 311: 1, 343: 1, 346: 1, 351: 2, 377: 1, 444: 1, 451: 1, 474: 1, 475: 1, 487: 1, 495: 1, 519: 1, 525: 2, 531: 1, 551: 1, 564: 1, 577: 1, 578: 1, 581: 1, 582: 1, 595: 2, 607: 1, 618: 2, 633: 1, 645: 1, 655: 1, 663: 1, 680: 1, 717: 1, 721: 1, 882: 1, 891: 2, 945: 1, 954: 2, 968: 1, 977: 1, 985: 1, 1109: 1, 1132: 1, 1145: 1, 1171: 1, 1184: 1, 1242: 2, 1256: 1, 1281: 1, 1283: 1, 1321: 1, 1329: 1, 1356: 2, 1400: 1, 1485: 1, 1519: 1, 1536: 1, 1572: 1, 1621: 1, 1704: 1, 1738: 1, 1777: 1, 1859: 1, 1899: 1, 1914: 1, 1924: 1, 1938: 1, 2034: 1, 2146: 1, 2302: 1, 2308: 1, 2493: 1, 2565: 1, 2606: 1, 2626: 1, 2896: 1, 2914: 1, 3078: 1, 3369: 1, 3546: 1, 3610: 1, 3612: 1, 4073: 1, 4269: 2, 4415: 1, 4767: 1};Blackalicious;Ego Trip by Nikki Giovanni;6.46;5.41;6.95;['powerful']
18;{1: 6, 2: 3, 5: 2, 6: 1, 7: 3, 10: 3, 11: 5, 12: 3, 13: 3, 14: 1, 17: 1, 23: 1, 26: 1, 27: 2, 28: 1, 35: 3, 39: 1, 46: 1, 50: 1, 67: 1, 69: 2, 85: 1, 91: 1, 93: 1, 119: 1, 121: 1, 132: 3, 145: 3, 172: 1, 194: 1, 214: 1, 224: 2, 257: 1, 268: 1, 274: 1, 282: 1, 292: 1, 294: 1, 328: 1, 329: 1, 334: 1, 363: 3, 443: 1, 451: 1, 517: 1, 549: 1, 566: 1, 595: 1, 629: 5, 663: 3, 745: 1, 751: 1, 782: 1, 891: 1, 898: 1, 1018: 1, 1217: 2, 1505: 1, 1685: 1, 2166: 1, 2267: 1, 2337: 1, 2497: 1, 2564: 1, 3176: 1, 3237: 1, 3330: 1, 3716: 1};L.A. Guns;Magdalaine;3.85;5.64;4.6;['sleazy']
19;{1: 29, 2: 21, 3: 5, 4: 4, 5: 5, 6: 2, 7: 8, 8: 11, 9: 3, 10: 4, 11: 9, 12: 7, 13: 5, 14: 36, 15: 1, 16: 1, 17: 1, 18: 5, 19: 12, 22: 5, 25: 7, 27: 3, 28: 4, 30: 2, 31: 1, 32: 3, 34: 3, 40: 1, 44: 1, 46: 1, 49: 2, 56: 1, 57: 1, 59: 3, 62: 17, 64: 4, 65: 3, 66: 1, 68: 3, 72: 4, 73: 2, 76: 1, 79: 1, 84: 1, 86: 1, 92: 1, 101: 1, 110: 1, 115: 3, 119: 1, 130: 2, 134: 1, 135: 1, 137: 6, 140: 3, 148: 1, 149: 1, 155: 2, 157: 2, 161: 2, 175: 26, 220: 1, 228: 1, 231: 1, 234: 4, 241: 2, 274: 1, 277: 1, 280: 3, 287: 2, 328: 3, 349: 1, 353: 2, 357: 1, 364: 1, 378: 2, 451: 1, 458: 2, 465: 1, 713: 2, 767: 1, 808: 1, 876: 1, 988: 1, 1040: 1, 1054: 1, 1078: 1, 1098: 1, 1147: 1, 1156: 1, 1264: 1, 1354: 2, 1377: 3, 1389: 1, 1436: 1, 1464: 4, 1551: 3, 1600: 3, 1699: 1, 1839: 1, 1841: 1, 1885: 1, 1907: 1, 1976: 3, 2060: 1, 2213: 1, 2251: 5, 2598: 1, 2769: 1, 3058: 5, 3076: 1, 3357: 5, 3535: 3, 3895: 1, 4799: 1};Backstreet Boys;PDA;6.906;6.594;5.956;['flashy']
20;{1: 1, 2: 11, 3: 1, 4: 1, 5: 1, 6: 5, 7: 3, 10: 1, 11: 1, 12: 1, 13: 5, 16: 3, 17: 3, 19: 9, 22: 1, 26: 5, 28: 3, 32: 1, 36: 1, 46: 6, 57: 5, 69: 1, 72: 3, 76: 1, 78: 7, 79: 2, 81: 1, 87: 1, 107: 1, 130: 1, 133: 1, 145: 3, 163: 1, 164: 1, 200: 9, 206: 1, 216: 1, 250: 1, 261: 1, 285: 3, 363: 1, 381: 1, 417: 1, 450: 1, 475: 1, 510: 1, 588: 1, 684: 1, 726: 1, 866: 1, 885: 1, 1062: 2, 1089: 1, 1130: 3, 1244: 1, 1368: 4, 1461: 30, 1810: 1, 2055: 1, 2073: 3, 2267: 3, 2663: 3, 2750: 1, 2759: 1, 3051: 3, 3162: 1, 3193: 5, 3945: 1, 4260: 2};Neon Blonde;New Detroit;2.75;5.75;4.73;['trashy']
21;{1: 4, 2: 11, 4: 3, 5: 17, 6: 12, 7: 1, 8: 1, 11: 3, 13: 1, 17: 2, 28: 1, 31: 1, 33: 5, 34: 1, 35: 1, 44: 1, 49: 7, 50: 1, 51: 5, 54: 5, 58: 5, 67: 1, 72: 1, 76: 8, 78: 1, 120: 2, 140: 1, 144: 2, 155: 2, 185: 1, 186: 2, 203: 5, 219: 1, 237: 1, 247: 1, 270: 1, 274: 1, 304: 15, 310: 2, 318: 6, 377: 10, 410: 1, 450: 5, 458: 5, 489: 1, 495: 5, 544: 5, 638: 5, 728: 1, 732: 1, 811: 1, 824: 1, 867: 1, 1057: 1, 1064: 1, 1172: 2, 1708: 1, 1839: 1, 2372: 1, 2900: 1, 3035: 1, 3480: 1, 3574: 5, 3577: 3};The Rolling Stones;Around And Around;5.6582608695652175;4.436811594202898;5.530579710144927;['energetic']
22;{1: 47, 2: 30, 3: 17, 4: 32, 5: 22, 6: 27, 7: 3, 8: 15, 9: 9, 10: 8, 11: 7, 12: 13, 13: 11, 14: 3, 15: 3, 16: 3, 17: 6, 18: 3, 20: 8, 21: 5, 22: 2, 23: 5, 24: 3, 25: 1, 26: 1, 28: 10, 29: 4, 30: 4, 31: 2, 32: 6, 33: 2, 34: 2, 35: 7, 36: 8, 39: 7, 40: 2, 41: 2, 44: 16, 45: 3, 48: 2, 50: 3, 51: 1, 52: 2, 56: 3, 57: 5, 59: 1, 60: 3, 62: 2, 64: 4, 65: 1, 66: 1, 67: 1, 69: 1, 70: 2, 72: 4, 78: 1, 86: 1, 88: 2, 95: 5, 96: 1, 98: 1, 100: 1, 103: 2, 106: 3, 107: 1, 109: 1, 118: 1, 121: 1, 122: 5, 133: 2, 136: 2, 137: 1, 140: 2, 141: 2, 143: 1, 144: 2, 152: 1, 154: 1, 157: 1, 163: 1, 165: 2, 167: 2, 170: 11, 173: 1, 174: 1, 176: 1, 182: 1, 184: 4, 185: 1, 186: 1, 191: 2, 193: 1, 197: 3, 199: 1, 200: 2, 201: 2, 203: 1, 207: 1, 213: 1, 219: 1, 223: 1, 239: 1, 241: 1, 250: 2, 259: 1, 271: 1, 275: 1, 281: 1, 282: 1, 295: 1, 299: 2, 304: 3, 310: 1, 319: 1, 327: 14, 337: 1, 339: 2, 342: 1, 343: 1, 356: 1, 357: 1, 374: 1, 378: 2, 393: 3, 414: 1, 423: 1, 431: 1, 433: 1, 434: 1, 446: 3, 470: 1, 494: 1, 497: 2, 503: 1, 524: 2, 528: 3, 545: 1, 554: 2, 587: 1, 602: 1, 603: 2, 610: 1, 612: 1, 631: 1, 636: 1, 647: 1, 655: 1, 674: 1, 707: 1, 724: 1, 726: 5, 739: 3, 742: 1, 748: 2, 771: 1, 775: 1, 816: 1, 867: 1, 877: 2, 886: 1, 905: 1, 908: 1, 939: 2, 941: 1, 965: 1, 979: 1, 1015: 1, 1017: 1, 1085: 1, 1089: 2, 1132: 1, 1149: 1, 1159: 1, 1172: 1, 1181: 1, 1203: 1, 1209: 1, 1214: 9, 1234: 1, 1242: 1, 1248: 1, 1267: 1, 1285: 2, 1301: 1, 1306: 1, 1313: 1, 1330: 1, 1381: 3, 1432: 1, 1470: 1, 1508: 1, 1557: 1, 1565: 1, 1632: 1, 1633: 1, 1644: 1, 1651: 2, 1721: 1, 1744: 1, 1747: 1, 1848: 1, 1905: 1, 1994: 1, 2010: 1, 2016: 1, 2019: 1, 2080: 1, 2118: 1, 2189: 2, 2219: 1, 2439: 1, 2462: 1, 2482: 1, 2502: 1, 2509: 1, 2510: 2, 2511: 3, 2578: 1, 2599: 2, 2706: 1, 2860: 1, 2894: 1, 2992: 1, 3003: 1, 3031: 1, 3089: 1, 3091: 1, 3094: 1, 3202: 1, 3378: 1, 3400: 1, 3627: 4, 3665: 1, 3804: 1, 3806: 1, 4135: 1, 4159: 2, 4714: 1, 4752: 1, 4862: 1, 4873: 1, 4936: 1};Kool Moe Dee;I Go To Work;5.725;6.095000000000001;6.265;['aggressive']
23;{1: 11, 2: 4, 4: 7, 5: 9, 6: 5, 7: 2, 8: 1, 9: 1, 10: 3, 12: 7, 13: 11, 14: 1, 16: 1, 20: 2, 21: 1, 28: 2, 30: 12, 31: 2, 32: 3, 34: 2, 39: 1, 44: 1, 46: 6, 55: 1, 56: 1, 57: 2, 58: 1, 60: 5, 68: 1, 82: 2, 83: 1, 86: 4, 92: 1, 97: 2, 100: 1, 101: 1, 103: 2, 115: 2, 120: 1, 122: 1, 135: 2, 137: 2, 138: 1, 145: 1, 146: 1, 154: 1, 159: 1, 160: 1, 165: 1, 176: 4, 186: 1, 192: 1, 195: 2, 201: 1, 206: 1, 235: 6, 290: 1, 340: 1, 342: 2, 355: 1, 358: 2, 366: 1, 381: 5, 394: 1, 413: 5, 460: 5, 488: 2, 510: 2, 512: 2, 561: 5, 564: 5, 566: 2, 617: 2, 626: 1, 668: 1, 699: 2, 728: 3, 784: 1, 808: 2, 926: 2, 942: 1, 959: 2, 1004: 1, 1144: 2, 1145: 3, 1575: 2, 1825: 5, 3646: 2, 4574: 1};Patty Griffin;Moses;5.411111111111111;4.039999999999999;5.311111111111111;['lonely', 'intimate', 'peaceful', 'quiet']
24;{1: 8, 2: 9, 3: 10, 4: 3, 5: 2, 7: 2, 8: 6, 9: 1, 11: 3, 12: 1, 14: 4, 17: 2, 18: 1, 20: 1, 22: 2, 25: 2, 26: 1, 27: 1, 29: 1, 31: 1, 35: 2, 36: 1, 37: 1, 40: 4, 41: 1, 44: 1, 46: 2, 48: 2, 49: 1, 50: 2, 51: 5, 53: 1, 54: 3, 55: 2, 56: 1, 58: 2, 59: 1, 67: 1, 68: 3, 69: 3, 79: 1, 84: 2, 86: 1, 92: 2, 96: 1, 99: 1, 101: 1, 103: 3, 105: 1, 108: 1, 115: 1, 122: 1, 132: 3, 133: 1, 136: 1, 150: 2, 156: 1, 159: 1, 167: 3, 171: 1, 182: 2, 195: 1, 199: 1, 204: 1, 211: 1, 213: 1, 223: 3, 225: 1, 227: 1, 234: 1, 235: 1, 254: 3, 255: 1, 261: 1, 265: 1, 266: 2, 269: 1, 349: 2, 358: 1, 395: 2, 415: 1, 418: 1, 430: 1, 499: 1, 531: 1, 536: 1, 548: 3, 576: 2, 611: 1, 667: 1, 730: 1, 747: 1, 774: 2, 775: 1, 814: 1, 988: 1, 1069: 1, 1298: 1, 1548: 1, 1638: 1, 3943: 1, 4628: 1};Martha Wainwright;Who Was I Kidding;1.55;2.28;2.045;['introspective', 'regretful']
25;{6: 1, 24: 4, 38: 5, 47: 2, 77: 3, 90: 1, 112: 6, 114: 5, 117: 2, 128: 2, 170: 1, 179: 14, 209: 2, 236: 1, 246: 1, 286: 1, 315: 2, 317: 2, 321: 1, 387: 1, 490: 1, 498: 1, 556: 1, 558: 1, 621: 1, 685: 2, 737: 1, 944: 1, 984: 2, 1029: 1, 1119: 1, 1220: 1, 1251: 2, 1348: 2, 1437: 1, 1623: 1, 1684: 5, 1898: 1, 2041: 1, 2061: 1, 2556: 2, 2749: 2, 2999: 2, 3794: 1, 3830: 1, 4120: 1};Enrique Iglesias;Si Juras Regresar;7.175;4.961666666666667;6.25;['slick']
26;{6: 2, 17: 1, 38: 4, 42: 8, 47: 7, 90: 3, 102: 2, 117: 2, 127: 1, 177: 17, 181: 3, 243: 3, 273: 3, 296: 7, 351: 8, 383: 6, 397: 1, 401: 2, 408: 4, 418: 1, 457: 3, 496: 6, 606: 2, 660: 1, 664: 2, 665: 6, 691: 1, 722: 3, 765: 1, 1237: 2, 1275: 1, 1363: 1, 1384: 3, 1479: 1, 1499: 1, 1646: 1, 1679: 1, 1701: 1, 1717: 3, 1737: 1, 1747: 1, 1753: 1, 1864: 3, 1873: 1, 1877: 1, 2040: 1, 2082: 1, 2140: 1, 2264: 1, 2289: 1, 2604: 1, 2617: 1, 2656: 2, 2670: 4, 2781: 1, 2784: 1, 2805: 1, 2835: 1, 2910: 1, 2934: 1, 3112: 1, 3207: 1, 3680: 1, 3870: 3, 4081: 1, 4247: 1, 4300: 1, 4647: 1, 4672: 1, 4716: 1};Olivia Ruiz;Vitrier;4.0;5.7;5.7;['fierce']
27;{2: 7, 3: 2, 4: 4, 6: 7, 10: 6, 13: 5, 14: 4, 23: 2, 25: 4, 27: 6, 28: 3, 32: 6, 50: 2, 52: 1, 57: 4, 58: 2, 61: 1, 72: 4, 76: 1, 79: 4, 84: 2, 91: 1, 97: 2, 132: 7, 137: 1, 150: 1, 155: 1, 160: 15, 163: 1, 167: 1, 293: 1, 303: 4, 364: 1, 553: 3, 557: 2, 591: 4, 693: 2, 798: 1, 1023: 1, 1069: 2, 1070: 4, 1148: 1, 1208: 4, 2722: 2, 2920: 8, 4638: 1};Butthole Surfers;Ulcer Breakout;6.46;5.41;6.95;['powerful']
28;{530: 1, 4918: 1};Juana Molina;Micael;4.21;5.71;5.35;['urgent']
29;{2: 13, 4: 14, 5: 4, 6: 4, 8: 2, 10: 3, 13: 19, 19: 16, 21: 8, 24: 1, 30: 2, 51: 1, 54: 2, 55: 2, 65: 6, 71: 4, 74: 4, 75: 4, 85: 4, 88: 4, 115: 4, 119: 14, 125: 2, 132: 4, 156: 2, 176: 1, 182: 2, 192: 10, 217: 4, 232: 4, 233: 2, 268: 1, 278: 4, 289: 2, 295: 1, 302: 4, 307: 2, 318: 2, 325: 2, 350: 1, 403: 6, 450: 4, 475: 4, 479: 4, 487: 2, 497: 2, 612: 1, 666: 2, 764: 2, 872: 4, 924: 2, 933: 2, 1132: 2, 1199: 1, 1360: 4, 1482: 1, 1933: 4, 2090: 1, 2338: 2, 2362: 2, 2606: 1, 2961: 1, 3409: 2, 3542: 2, 3633: 1, 3636: 2, 3671: 2};Thrice;The Earth Will Shake;5.162153846153846;4.71246153846154;4.806615384615385;['dark']
30;{1: 19, 2: 7, 3: 13, 4: 6, 5: 6, 6: 6, 7: 3, 8: 10, 9: 6, 10: 2, 11: 6, 12: 7, 13: 6, 14: 3, 16: 1, 18: 3, 19: 1, 20: 4, 22: 7, 23: 7, 25: 2, 26: 1, 27: 3, 28: 2, 29: 4, 30: 2, 33: 1, 34: 9, 36: 1, 40: 1, 43: 3, 50: 1, 54: 1, 55: 1, 61: 1, 62: 7, 64: 1, 65: 2, 66: 9, 67: 5, 69: 2, 70: 1, 78: 3, 81: 1, 82: 1, 87: 1, 95: 2, 100: 1, 105: 1, 107: 1, 110: 2, 111: 4, 121: 3, 123: 2, 140: 5, 142: 3, 156: 3, 157: 1, 185: 1, 190: 5, 229: 4, 283: 2, 285: 5, 328: 2, 331: 1, 384: 1, 542: 2, 549: 1, 627: 5, 683: 2, 760: 1, 894: 1, 967: 1, 991: 1, 1032: 1, 1426: 3, 1456: 2, 1564: 3, 2190: 3, 2460: 5, 2558: 1};Snow Patrol;Just Say Yes;7.6021568627451;4.796274509803922;6.199215686274511;['sweet']
31;{2: 15, 4: 7, 5: 2, 10: 2, 13: 4, 15: 2, 18: 1, 19: 1, 21: 6, 22: 4, 23: 3, 24: 1, 25: 3, 33: 2, 41: 4, 48: 4, 49: 2, 50: 1, 59: 2, 63: 4, 65: 3, 71: 4, 83: 2, 87: 4, 97: 3, 106: 1, 115: 1, 125: 2, 143: 4, 148: 1, 176: 4, 195: 1, 213: 1, 214: 1, 223: 1, 240: 2, 242: 2, 252: 6, 270: 4, 276: 1, 324: 2, 337: 2, 341: 1, 361: 1, 406: 1, 414: 1, 487: 2, 491: 1, 501: 1, 504: 2, 554: 1, 613: 2, 641: 1, 770: 1, 836: 1, 933: 1, 1053: 1, 1065: 1, 1156: 1, 1253: 6, 1358: 2, 1459: 1, 1474: 1, 1747: 1, 1979: 1, 2274: 1};Converge;Dark Horse;6.625;6.475833333333334;5.893611111111111;['intense']
32;{1: 13, 2: 2, 3: 7, 4: 9, 5: 13, 6: 3, 7: 13, 8: 36, 11: 15, 12: 1, 13: 1, 15: 30, 17: 20, 22: 14, 23: 1, 25: 7, 28: 1, 29: 6, 34: 16, 35: 2, 37: 2, 39: 3, 41: 5, 44: 1, 45: 16, 48: 2, 50: 1, 51: 2, 52: 2, 56: 1, 61: 1, 62: 6, 63: 1, 71: 1, 76: 1, 84: 1, 85: 15, 94: 2, 95: 5, 98: 1, 109: 1, 118: 1, 120: 1, 127: 14, 139: 29, 141: 1, 152: 2, 165: 3, 166: 1, 193: 1, 203: 1, 210: 51, 229: 1, 230: 25, 231: 1, 237: 1, 238: 2, 241: 1, 247: 6, 251: 1, 340: 1, 353: 1, 379: 1, 384: 1, 422: 1, 455: 1, 489: 1, 578: 1, 601: 1, 618: 1, 731: 1, 1036: 1, 1050: 1, 1205: 1, 1257: 1, 1522: 1, 1586: 1, 1651: 1, 1708: 1, 1749: 1, 1752: 1, 1773: 1, 1818: 1, 2030: 16, 2068: 7, 2535: 1, 2815: 1, 3408: 1, 4000: 1, 4858: 1, 4939: 2};Jennifer Lopez;Play;7.101666666666667;5.65625;5.909166666666667;['sexy']
33;{1: 11, 2: 6, 3: 25, 4: 5, 5: 18, 6: 2, 7: 19, 8: 4, 9: 1, 10: 3, 11: 3, 12: 1, 14: 1, 15: 2, 16: 2, 17: 1, 18: 4, 19: 1, 20: 2, 21: 1, 26: 1, 28: 6, 29: 2, 31: 2, 33: 1, 34: 1, 36: 1, 41: 1, 43: 1, 44: 1, 45: 4, 46: 1, 48: 1, 51: 5, 54: 1, 57: 2, 58: 1, 59: 4, 60: 5, 61: 5, 64: 1, 66: 2, 68: 1, 75: 2, 82: 1, 92: 1, 98: 4, 116: 2, 129: 1, 133: 9, 134: 2, 139: 1, 141: 2, 145: 1, 147: 1, 154: 1, 156: 1, 159: 1, 169: 1, 180: 1, 204: 1, 207: 1, 223: 2, 234: 2, 237: 16, 245: 1, 248: 1, 251: 1, 265: 1, 271: 1, 287: 1, 290: 1, 300: 8, 306: 1, 311: 1, 327: 2, 340: 1, 351: 2, 370: 1, 403: 1, 453: 1, 459: 1, 495: 1, 605: 1, 615: 1, 666: 1, 727: 1, 758: 1, 848: 1, 865: 1, 871: 1, 921: 1, 1055: 1, 1127: 1, 1432: 1, 1526: 1, 2246: 1, 2406: 1, 2558: 1, 2870: 1};Rick Astley;You Move Me;5.64;5.699999999999999;4.69;['explosive']
34;{6: 5, 24: 3, 38: 4, 47: 2, 77: 3, 90: 2, 102: 1, 104: 2, 117: 2, 170: 1, 177: 2, 179: 1, 183: 1, 209: 2, 246: 3, 263: 1, 272: 1, 286: 1, 317: 1, 381: 1, 413: 1, 505: 1, 533: 1, 570: 1, 604: 1, 621: 1, 737: 1, 744: 1, 937: 3, 943: 2, 994: 1, 1029: 1, 1056: 2, 1273: 1, 1373: 1, 1403: 1, 1468: 1, 1589: 2, 1627: 1, 1684: 1, 2330: 2, 2605: 1, 2666: 3, 2927: 1, 3930: 2};Juana Molina;Isabel;3.525;0.955;2.88;['wry']
35;{1: 17, 2: 5, 3: 4, 4: 1, 5: 6, 6: 3, 7: 2, 8: 1, 9: 6, 11: 2, 12: 3, 13: 3, 15: 2, 18: 1, 20: 2, 22: 3, 24: 1, 28: 3, 31: 1, 34: 1, 35: 1, 41: 1, 52: 1, 54: 1, 57: 1, 58: 1, 59: 1, 60: 6, 62: 1, 66: 1, 68: 2, 69: 1, 71: 1, 72: 1, 84: 1, 95: 1, 99: 9, 101: 2, 106: 2, 120: 2, 121: 1, 123: 2, 126: 1, 135: 1, 140: 1, 142: 1, 154: 1, 229: 1, 244: 1, 248: 1, 258: 1, 271: 1, 284: 1, 342: 1, 344: 1, 347: 1, 359: 1, 375: 1, 379: 1, 382: 1, 415: 1, 445: 1, 488: 1, 531: 1, 535: 1, 566: 1, 583: 2, 681: 1, 724: 1, 771: 1, 784: 1, 794: 1, 850: 1, 924: 1, 1007: 1, 1157: 1, 1375: 1, 1392: 1, 1508: 1, 1695: 1, 2205: 1, 2354: 1, 2844: 1, 3262: 1, 3361: 1, 3450: 1, 3573: 1, 3711: 1, 4137: 1, 4515: 1};Simon & Garfunkel;A Simple Desultory Philippic (Or How I Was Robert McNamara'd Into Submission);7.63;5.89;6.8100000000000005;['playful']
36;{1: 17, 2: 3, 3: 13, 4: 7, 5: 9, 6: 4, 7: 7, 8: 5, 9: 4, 10: 7, 11: 3, 12: 1, 14: 1, 15: 3, 16: 4, 18: 1, 19: 1, 20: 1, 21: 2, 22: 1, 24: 1, 25: 2, 26: 7, 27: 7, 28: 3, 29: 4, 30: 1, 32: 4, 34: 2, 39: 5, 40: 3, 41: 3, 43: 1, 44: 1, 46: 2, 48: 1, 53: 1, 58: 5, 59: 2, 62: 1, 63: 1, 64: 1, 66: 2, 67: 1, 68: 1, 74: 2, 78: 1, 81: 2, 82: 1, 83: 3, 95: 1, 98: 1, 100: 1, 101: 2, 108: 8, 110: 1, 121: 1, 132: 5, 134: 2, 138: 1, 140: 1, 141: 2, 144: 3, 148: 1, 149: 2, 153: 1, 155: 1, 156: 2, 160: 1, 172: 1, 173: 1, 186: 1, 190: 2, 191: 1, 195: 1, 196: 1, 222: 2, 235: 1, 265: 2, 267: 1, 280: 1, 324: 1, 331: 1, 339: 1, 340: 2, 355: 1, 360: 1, 372: 1, 392: 1, 426: 1, 431: 1, 438: 1, 468: 1, 469: 2, 525: 1, 591: 1, 725: 1, 1028: 1, 1280: 1, 1448: 1, 1698: 1, 1783: 1, 3484: 1};Janet Jackson;Again;6.108412698412699;4.578730158730158;5.521111111111112;['romantic']
37;{1: 10, 2: 1, 3: 20, 4: 11, 5: 3, 6: 3, 7: 1, 9: 1, 10: 3, 11: 1, 12: 13, 13: 1, 14: 4, 16: 9, 17: 1, 18: 2, 20: 5, 21: 2, 22: 1, 25: 9, 26: 1, 27: 8, 28: 2, 30: 1, 32: 1, 35: 3, 36: 2, 40: 1, 41: 2, 43: 1, 45: 5, 49: 1, 54: 1, 58: 11, 59: 1, 61: 1, 62: 8, 69: 1, 74: 1, 75: 1, 83: 8, 89: 1, 91: 1, 92: 1, 93: 1, 95: 5, 105: 1, 109: 5, 119: 1, 127: 8, 149: 1, 156: 1, 163: 1, 165: 2, 187: 1, 204: 1, 266: 13, 267: 2, 283: 1, 316: 13, 346: 1, 358: 1, 375: 1, 419: 1, 443: 1, 466: 1, 492: 1, 509: 1, 576: 1, 592: 1, 628: 1, 668: 1, 743: 1, 1101: 1, 1217: 1, 1351: 1, 1698: 1, 2863: 1};Dixie Chicks;Lullaby;7.113846153846154;3.723269230769231;6.477692307692308;['sweet', 'peaceful']
38;{1: 38, 2: 9, 4: 4, 5: 18, 6: 4, 8: 1, 9: 20, 10: 14, 13: 8, 15: 3, 16: 2, 17: 3, 20: 8, 23: 2, 24: 1, 27: 6, 28: 12, 29: 3, 30: 5, 31: 3, 32: 1, 39: 2, 44: 3, 45: 3, 48: 2, 50: 3, 53: 3, 54: 1, 57: 1, 60: 3, 63: 2, 66: 1, 68: 2, 69: 3, 70: 16, 74: 2, 80: 2, 81: 1, 84: 2, 89: 6, 93: 3, 107: 1, 109: 2, 116: 1, 131: 16, 133: 3, 137: 1, 139: 1, 156: 2, 157: 1, 160: 1, 162: 1, 167: 1, 196: 1, 197: 2, 201: 1, 206: 3, 210: 1, 212: 1, 214: 2, 220: 2, 221: 2, 262: 4, 264: 1, 265: 16, 313: 2, 340: 1, 348: 2, 355: 6, 371: 3, 390: 3, 399: 1, 416: 1, 424: 3, 433: 1, 443: 1, 448: 6, 467: 1, 567: 1, 575: 1, 640: 6, 825: 1, 858: 3, 929: 6, 1024: 1, 1156: 1, 2027: 1};The Cure;Lost;4.730625;4.068124999999999;4.898750000000001;['dark']
39;{1: 20, 2: 24, 3: 28, 4: 11, 5: 7, 6: 10, 7: 8, 8: 7, 9: 7, 10: 4, 11: 13, 12: 7, 13: 7, 14: 16, 15: 9, 16: 3, 17: 10, 18: 3, 19: 2, 20: 2, 21: 3, 22: 1, 23: 4, 24: 5, 25: 8, 26: 2, 27: 7, 30: 2, 31: 6, 32: 9, 33: 1, 34: 3, 35: 2, 36: 2, 37: 3, 39: 1, 43: 1, 44: 1, 45: 4, 47: 1, 48: 10, 49: 1, 50: 7, 51: 2, 52: 5, 54: 1, 56: 4, 57: 6, 58: 7, 59: 1, 60: 1, 63: 5, 64: 1, 66: 1, 67: 5, 68: 2, 69: 3, 70: 1, 72: 13, 75: 1, 78: 1, 79: 1, 80: 3, 81: 11, 82: 2, 83: 2, 84: 1, 85: 1, 89: 11, 92: 2, 94: 2, 97: 1, 98: 2, 100: 1, 101: 2, 103: 1, 106: 2, 107: 1, 109: 1, 110: 2, 113: 1, 115: 1, 116: 2, 118: 3, 121: 1, 124: 1, 131: 3, 135: 2, 136: 1, 137: 1, 138: 1, 140: 3, 144: 1, 145: 2, 146: 1, 150: 2, 155: 1, 156: 1, 157: 1, 159: 1, 160: 3, 161: 1, 166: 2, 172: 1, 174: 1, 175: 1, 178: 1, 190: 1, 191: 1, 192: 1, 193: 4, 199: 3, 202: 1, 206: 1, 207: 3, 214: 7, 216: 2, 219: 1, 220: 1, 227: 1, 229: 1, 231: 1, 233: 1, 234: 1, 242: 1, 248: 2, 251: 4, 254: 2, 257: 1, 258: 2, 261: 2, 262: 1, 265: 2, 267: 1, 268: 1, 276: 1, 279: 1, 289: 1, 329: 3, 331: 1, 332: 1, 334: 1, 336: 4, 356: 2, 357: 2, 368: 1, 370: 1, 374: 1, 396: 1, 409: 1, 429: 1, 433: 1, 445: 1, 455: 4, 458: 1, 462: 1, 475: 1, 485: 1, 516: 1, 517: 1, 535: 1, 544: 3, 555: 2, 557: 2, 565: 1, 578: 1, 581: 1, 584: 1, 603: 1, 627: 3, 629: 1, 631: 1, 636: 1, 637: 1, 666: 1, 672: 1, 677: 1, 687: 1, 701: 1, 707: 3, 713: 4, 729: 1, 736: 1, 769: 1, 772: 2, 789: 1, 798: 1, 824: 1, 825: 1, 854: 1, 874: 3, 922: 2, 948: 2, 977: 3, 1018: 1, 1037: 2, 1106: 1, 1138: 1, 1151: 1, 1197: 1, 1323: 1, 1395: 1, 1426: 1, 1435: 1, 1466: 9, 1513: 1, 1621: 1, 1656: 2, 1702: 1, 1721: 1, 1786: 1, 1790: 1, 1802: 1, 1819: 1, 1841: 1, 1851: 2, 1979: 3, 2000: 1, 2022: 1, 2037: 1, 2324: 1, 2376: 1, 2411: 1, 2449: 1, 2625: 1, 2633: 3, 2697: 1, 2845: 1, 2874: 2, 2917: 1, 3014: 1, 3201: 1, 3240: 3, 3332: 1, 3439: 1, 3577: 1, 3644: 1, 3649: 1, 3690: 1, 3693: 1, 3914: 1, 3920: 1, 3939: 1, 4027: 4, 4031: 1, 4195: 3, 4270: 1, 4282: 1, 4878: 1};Mobb Deep;Where Ya Heart At;4.255526315789474;4.185789473684211;4.172105263157896;['lonely']
40;{1: 10, 2: 8, 4: 10, 5: 2, 6: 1, 7: 1, 8: 1, 11: 6, 22: 1, 23: 1, 25: 2, 26: 1, 28: 1, 41: 1, 44: 2, 51: 4, 55: 5, 62: 7, 66: 2, 105: 1, 166: 1, 167: 2, 173: 3, 206: 1, 217: 1, 279: 1, 283: 1, 323: 9, 381: 1, 399: 2, 417: 9, 420: 1, 450: 3, 466: 1, 475: 1, 584: 2, 647: 3, 667: 9, 736: 2, 749: 2, 870: 1, 936: 4, 1028: 1};The Cardigans;Rise & Shine;7.2597058823529395;5.284264705882353;6.275882352941176;['fun', 'happy', 'sweet']
41;{1: 33, 2: 1, 3: 21, 4: 3, 5: 4, 6: 2, 7: 2, 8: 2, 9: 2, 11: 5, 12: 2, 13: 1, 14: 24, 16: 4, 17: 1, 18: 3, 20: 2, 21: 2, 22: 1, 23: 1, 24: 5, 25: 1, 26: 1, 27: 6, 28: 1, 29: 1, 31: 5, 33: 4, 35: 1, 36: 2, 45: 1, 50: 1, 51: 1, 53: 5, 54: 15, 56: 24, 58: 7, 63: 1, 66: 1, 68: 10, 69: 1, 72: 1, 75: 1, 76: 4, 78: 1, 80: 1, 82: 3, 86: 1, 94: 1, 95: 1, 106: 2, 110: 1, 121: 1, 123: 1, 132: 1, 137: 1, 142: 1, 145: 1, 148: 11, 155: 1, 159: 1, 203: 3, 213: 1, 227: 1, 255: 1, 262: 1, 310: 1, 326: 1, 340: 1, 374: 1, 413: 1, 444: 24, 458: 1, 528: 1, 571: 1, 576: 1, 649: 1, 690: 1, 701: 1, 748: 1, 915: 1, 927: 1, 977: 1, 1024: 1, 1145: 1, 1272: 3, 2358: 1, 3682: 1};Alicia Keys;If I Was Your Woman;6.904999999999999;3.67;6.4975;['smooth']
42;{1: 71, 2: 6, 3: 36, 4: 7, 5: 5, 6: 5, 7: 2, 8: 10, 9: 22, 11: 10, 12: 2, 15: 2, 16: 4, 17: 5, 18: 3, 19: 4, 20: 5, 23: 2, 24: 5, 26: 8, 27: 5, 28: 8, 29: 3, 30: 8, 31: 2, 32: 3, 33: 4, 34: 4, 37: 2, 39: 1, 41: 2, 43: 1, 44: 13, 45: 1, 46: 3, 53: 6, 54: 2, 55: 1, 56: 5, 57: 1, 58: 4, 59: 2, 61: 4, 62: 4, 63: 11, 65: 2, 68: 1, 69: 1, 70: 5, 73: 5, 74: 1, 75: 1, 78: 2, 80: 4, 81: 2, 84: 1, 85: 1, 86: 4, 87: 2, 94: 1, 95: 8, 99: 2, 100: 3, 101: 2, 103: 1, 108: 9, 115: 1, 121: 1, 123: 5, 124: 14, 127: 1, 129: 4, 131: 1, 135: 6, 137: 1, 141: 3, 144: 5, 145: 6, 149: 7, 152: 1, 154: 2, 160: 1, 163: 1, 168: 1, 178: 1, 182: 2, 184: 3, 187: 1, 188: 1, 192: 3, 193: 1, 194: 1, 203: 1, 220: 1, 223: 1, 237: 2, 241: 6, 244: 1, 248: 1, 267: 2, 271: 3, 275: 2, 284: 2, 285: 5, 294: 2, 297: 1, 299: 1, 308: 1, 310: 2, 326: 1, 333: 1, 373: 1, 375: 1, 392: 1, 434: 4, 438: 1, 453: 1, 462: 1, 480: 1, 483: 1, 485: 3, 495: 3, 508: 5, 528: 1, 546: 1, 565: 1, 591: 1, 603: 3, 605: 2, 629: 2, 633: 1, 752: 1, 756: 1, 789: 2, 840: 1, 850: 1, 996: 1, 1064: 1, 1096: 1, 1163: 1, 1177: 1, 1764: 3, 1858: 2, 2003: 1, 4202: 1};Foo Fighters;Still;5.492727272727272;2.9245454545454543;5.8054545454545465;['mellow']
43;{1: 9, 2: 4, 3: 9, 4: 3, 5: 8, 6: 1, 7: 5, 9: 5, 10: 3, 11: 2, 12: 4, 13: 2, 14: 1, 15: 6, 17: 1, 18: 1, 19: 1, 20: 3, 22: 2, 23: 2, 24: 1, 25: 2, 27: 4, 28: 8, 30: 1, 31: 2, 32: 1, 33: 1, 34: 1, 39: 1, 45: 2, 49: 3, 51: 1, 52: 1, 53: 9, 54: 4, 55: 1, 56: 2, 59: 2, 62: 1, 64: 1, 66: 3, 68: 1, 70: 2, 72: 2, 75: 1, 78: 2, 84: 3, 87: 3, 88: 1, 96: 1, 101: 1, 115: 1, 124: 1, 125: 1, 129: 1, 134: 1, 150: 1, 153: 1, 155: 1, 194: 1, 195: 1, 200: 1, 238: 1, 258: 2, 268: 1, 277: 2, 282: 1, 290: 2, 329: 2, 340: 1, 348: 1, 398: 3, 439: 1, 495: 1, 514: 1, 595: 3, 601: 1, 612: 1, 668: 1, 672: 1, 682: 1, 697: 1, 779: 1, 885: 1, 953: 1, 979: 2, 1021: 1, 1074: 1, 1077: 1, 1125: 1, 1200: 3, 1350: 1, 1461: 1, 1948: 1, 2380: 1, 2384: 1, 2939: 1, 3047: 1, 3724: 1, 3910: 1, 4177: 1, 4324: 1};John Mayer;Comfortable;5.437356828193832;4.04466960352423;5.2953303964757685;['romantic', 'melancholy', 'sad']
44;{1: 19, 2: 6, 3: 10, 4: 3, 5: 3, 6: 4, 7: 5, 8: 1, 9: 10, 10: 2, 11: 1, 12: 1, 13: 3, 14: 2, 15: 1, 16: 3, 17: 1, 18: 3, 19: 4, 22: 4, 23: 2, 24: 1, 25: 3, 29: 1, 30: 2, 31: 1, 32: 4, 33: 1, 34: 2, 39: 2, 40: 1, 44: 3, 45: 1, 47: 1, 48: 1, 50: 2, 56: 1, 61: 1, 63: 1, 64: 1, 68: 9, 69: 4, 70: 1, 79: 1, 82: 1, 85: 9, 92: 1, 121: 1, 122: 1, 123: 8, 127: 2, 129: 1, 130: 1, 141: 1, 143: 1, 146: 1, 155: 1, 161: 1, 168: 1, 173: 8, 187: 1, 197: 8, 219: 1, 224: 1, 240: 1, 242: 1, 262: 1, 266: 1, 275: 1, 287: 1, 319: 2, 333: 1, 340: 1, 389: 1, 486: 1, 508: 1, 539: 2, 548: 1, 678: 1, 749: 1, 784: 1, 797: 9, 861: 1, 924: 1, 1142: 1, 1151: 1, 1173: 1, 1200: 1, 1222: 1, 1255: 1, 1501: 1, 1615: 1, 2365: 1, 2650: 1, 4825: 1};The Ataris;I Won't Spend Another Night Alone;7.933289473684211;5.318947368421052;6.010657894736842;['romantic']
45;{6: 1, 7: 4, 24: 1, 38: 4, 42: 4, 47: 5, 77: 6, 90: 6, 102: 1, 104: 4, 112: 2, 114: 11, 128: 7, 174: 6, 179: 1, 183: 1, 226: 1, 236: 2, 263: 1, 286: 1, 314: 1, 315: 2, 411: 1, 425: 1, 441: 1, 478: 1, 490: 1, 493: 1, 533: 2, 652: 2, 660: 2, 709: 1, 795: 1, 828: 1, 862: 1, 907: 1, 984: 1, 1052: 1, 1207: 1, 1245: 1, 1348: 1, 1367: 1, 1427: 1, 1467: 1, 1539: 3, 1765: 1, 2075: 1, 2201: 4, 2342: 1, 2353: 3, 2787: 1, 2849: 1, 3214: 1, 3294: 1, 3335: 1, 3405: 1, 3475: 1, 4020: 1, 4265: 1, 4289: 1, 4467: 1, 4481: 1, 4635: 1, 4918: 1};Shakira;Tú;5.451067961165049;4.6190776699029135;5.298689320388349;['sweet']
46;{1: 13, 2: 7, 3: 4, 4: 9, 5: 4, 6: 6, 7: 5, 8: 3, 10: 2, 11: 3, 13: 1, 14: 1, 15: 2, 16: 2, 17: 5, 18: 1, 20: 1, 21: 2, 23: 7, 25: 2, 26: 2, 27: 1, 32: 2, 33: 3, 35: 3, 36: 1, 39: 1, 41: 1, 45: 2, 49: 1, 50: 1, 57: 1, 58: 1, 59: 1, 62: 3, 63: 1, 65: 1, 71: 1, 72: 1, 74: 1, 78: 2, 79: 1, 85: 1, 88: 1, 91: 2, 103: 1, 105: 1, 106: 1, 107: 1, 110: 2, 115: 1, 118: 1, 127: 1, 134: 1, 141: 1, 142: 1, 152: 5, 157: 1, 163: 1, 172: 1, 187: 1, 194: 1, 195: 1, 196: 1, 201: 1, 239: 1, 252: 1, 264: 1, 282: 1, 291: 1, 311: 1, 350: 1, 376: 1, 381: 1, 420: 2, 483: 1, 484: 1, 489: 1, 491: 1, 506: 1, 528: 1, 566: 1, 612: 1, 640: 1, 663: 1, 789: 1, 990: 1, 1019: 1, 1121: 2, 1152: 1, 1223: 1, 2097: 1, 2134: 1, 2146: 1, 2155: 1, 2667: 1, 2705: 1, 2728: 1, 3108: 1, 4039: 1, 4989: 1};Fever Ray;When I Grow Up;5.50764705882353;4.087205882352941;5.031029411764706;['ethereal', 'atmospheric']
47;{1: 20, 2: 2, 3: 4, 6: 2, 7: 6, 8: 3, 9: 1, 10: 10, 11: 3, 12: 2, 14: 9, 15: 1, 16: 1, 19: 1, 20: 1, 23: 1, 25: 2, 27: 2, 28: 2, 32: 2, 33: 2, 35: 1, 36: 2, 37: 1, 39: 1, 40: 1, 43: 2, 45: 8, 51: 4, 54: 1, 56: 1, 59: 1, 61: 1, 62: 1, 67: 2, 68: 2, 81: 1, 83: 1, 89: 1, 100: 2, 130: 10, 137: 1, 144: 1, 149: 1, 157: 2, 160: 1, 165: 2, 170: 1, 186: 1, 237: 1, 349: 1, 350: 8, 372: 1, 373: 2, 374: 1, 416: 2, 419: 1, 427: 2, 433: 8, 449: 2, 458: 1, 499: 1, 515: 1, 542: 1, 585: 1, 667: 1, 877: 1, 905: 1, 996: 2, 1075: 1, 1332: 1, 1387: 1, 2320: 1};Chris Brown;I.Y.A.;7.225;5.06;6.415;['bright']
48;{1: 17, 2: 39, 3: 25, 4: 28, 5: 15, 6: 16, 7: 6, 8: 15, 9: 2, 10: 8, 11: 15, 12: 6, 13: 8, 14: 2, 15: 15, 16: 2, 17: 1, 18: 4, 19: 26, 20: 3, 21: 4, 22: 8, 23: 16, 25: 14, 26: 1, 27: 5, 28: 2, 29: 2, 30: 6, 32: 7, 33: 2, 34: 1, 35: 1, 36: 9, 37: 2, 39: 1, 41: 8, 43: 2, 45: 2, 46: 4, 51: 1, 52: 1, 54: 2, 55: 4, 56: 2, 57: 4, 58: 2, 59: 2, 61: 1, 63: 3, 64: 2, 65: 1, 68: 3, 69: 4, 72: 1, 75: 1, 78: 5, 79: 1, 81: 1, 83: 6, 84: 1, 87: 4, 89: 2, 92: 1, 93: 1, 94: 1, 95: 2, 97: 1, 98: 4, 101: 1, 105: 1, 107: 1, 109: 4, 110: 2, 113: 1, 122: 1, 125: 1, 127: 4, 130: 1, 135: 1, 136: 1, 140: 2, 141: 1, 146: 4, 147: 7, 153: 2, 155: 1, 157: 5, 168: 1, 170: 1, 171: 1, 185: 1, 186: 2, 187: 1, 190: 2, 192: 1, 200: 4, 207: 1, 211: 1, 215: 1, 219: 1, 220: 1, 221: 1, 223: 2, 227: 1, 234: 1, 237: 4, 239: 2, 244: 1, 255: 1, 259: 1, 260: 1, 261: 2, 262: 1, 275: 1, 279: 4, 285: 1, 289: 1, 291: 1, 310: 2, 324: 1, 328: 1, 330: 1, 335: 1, 338: 1, 348: 1, 349: 1, 350: 1, 351: 1, 358: 1, 366: 2, 370: 1, 384: 1, 390: 1, 392: 2, 404: 1, 413: 1, 455: 9, 464: 2, 489: 2, 499: 1, 500: 3, 529: 1, 539: 1, 542: 1, 551: 1, 555: 3, 563: 1, 564: 1, 574: 1, 603: 1, 626: 4, 642: 1, 688: 1, 720: 1, 727: 1, 729: 2, 748: 1, 766: 1, 767: 1, 772: 1, 783: 1, 796: 1, 808: 1, 836: 1, 852: 1, 874: 1, 909: 4, 916: 8, 918: 1, 935: 1, 959: 1, 977: 1, 1005: 1, 1008: 3, 1018: 1, 1037: 7, 1080: 1, 1094: 1, 1156: 1, 1157: 1, 1159: 1, 1180: 1, 1197: 1, 1214: 1, 1232: 1, 1233: 1, 1253: 1, 1310: 1, 1323: 1, 1466: 10, 1579: 1, 1597: 1, 1617: 1, 1638: 1, 1778: 1, 1790: 1, 1813: 1, 1867: 1, 1926: 1, 1964: 3, 1980: 1, 2096: 1, 2141: 2, 2379: 1, 2462: 4, 2543: 2, 2578: 1, 2716: 4, 2717: 1, 2740: 1, 2754: 1, 2858: 1, 2898: 1, 3032: 2, 3082: 1, 3159: 1, 3221: 2, 3353: 1, 3357: 1, 3369: 1, 3391: 1, 3770: 1, 4051: 1, 4210: 1, 4308: 1, 4394: 1, 4484: 1, 4752: 1, 4897: 1};Busta Rhymes;Genesis;5.753333333333333;4.563333333333333;6.266666666666668;['powerful']
49;{2: 11, 4: 4, 5: 2, 6: 2, 9: 1, 10: 1, 12: 1, 13: 1, 15: 2, 19: 1, 23: 1, 25: 1, 28: 1, 31: 1, 32: 1, 34: 1, 36: 1, 37: 2, 41: 2, 43: 1, 46: 1, 50: 1, 51: 1, 53: 1, 55: 1, 59: 2, 78: 1, 79: 1, 80: 4, 81: 2, 82: 3, 85: 1, 89: 1, 98: 1, 120: 1, 121: 1, 141: 1, 143: 2, 146: 1, 166: 2, 171: 1, 207: 1, 219: 1, 234: 1, 303: 1, 346: 1, 350: 1, 364: 1, 398: 1, 402: 1, 406: 1, 420: 1, 422: 1, 424: 1, 443: 1, 451: 1, 469: 1, 512: 1, 537: 1, 538: 1, 574: 1, 623: 1, 646: 1, 676: 1, 748: 1, 829: 1, 859: 1, 915: 1, 956: 1, 981: 1, 1024: 1, 1152: 1, 1183: 1, 1431: 1, 1464: 2, 1496: 1, 1609: 1, 1617: 1, 1768: 1, 1837: 1, 2098: 1, 2881: 1, 3666: 1, 4298: 1, 4526: 1, 4645: 1, 4677: 1};John Cale;Antarctica Starts Here;4.933333333333334;3.556666666666666;4.286666666666667;['introspective', 'quirky']
50;{1: 13, 2: 1, 3: 15, 4: 2, 5: 1, 6: 7, 9: 3, 10: 14, 11: 3, 13: 2, 14: 13, 15: 4, 16: 4, 17: 1, 20: 5, 21: 2, 22: 1, 23: 4, 29: 2, 32: 1, 33: 1, 34: 1, 36: 1, 40: 7, 45: 6, 50: 3, 54: 2, 59: 1, 65: 3, 66: 2, 69: 10, 71: 2, 74: 3, 85: 1, 88: 1, 89: 1, 95: 3, 103: 1, 108: 1, 122: 1, 129: 1, 136: 2, 144: 1, 184: 1, 188: 1, 193: 2, 194: 1, 204: 8, 233: 3, 235: 3, 242: 3, 250: 9, 268: 13, 300: 1, 308: 1, 327: 3, 350: 1, 367: 2, 369: 1, 398: 3, 433: 5, 461: 1, 509: 9, 678: 3, 817: 3, 878: 3, 1077: 1, 1152: 1, 1280: 2, 1294: 1, 1803: 1, 1889: 1, 2460: 3, 2710: 1, 3211: 1, 3398: 1, 4424: 1, 4457: 3, 4690: 1};The Starting Line;A Goodnight's Sleep;6.727499999999999;6.085000000000001;6.1225;['fun']
51;{1: 2, 2: 3, 3: 1, 4: 2, 5: 2, 6: 1, 10: 1, 11: 7, 13: 3, 21: 4, 25: 2, 34: 3, 37: 1, 44: 2, 45: 1, 48: 1, 52: 1, 54: 1, 60: 1, 78: 4, 87: 2, 89: 1, 91: 1, 108: 2, 109: 2, 125: 2, 126: 1, 138: 3, 147: 1, 155: 1, 167: 1, 186: 1, 219: 1, 239: 1, 262: 1, 268: 1, 300: 1, 350: 1, 390: 1, 487: 2, 509: 1, 611: 3, 812: 2, 845: 1, 959: 3, 1042: 3, 2238: 1};Grizzly Bear;Little Brother;5.36090909090909;2.8845454545454543;4.816363636363636;['warm', 'bombastic']
52;{1: 10, 2: 11, 3: 18, 4: 1, 5: 19, 6: 3, 7: 9, 8: 2, 9: 10, 10: 15, 11: 1, 12: 6, 15: 1, 16: 6, 17: 2, 18: 6, 19: 1, 20: 9, 23: 1, 27: 7, 28: 1, 32: 7, 33: 3, 34: 2, 36: 1, 37: 1, 41: 1, 48: 7, 50: 1, 51: 7, 55: 1, 56: 2, 57: 7, 63: 2, 64: 2, 65: 1, 66: 3, 76: 1, 85: 1, 92: 2, 94: 1, 111: 7, 115: 2, 200: 2, 210: 1, 242: 1, 244: 1, 263: 2, 291: 1, 342: 7, 378: 14, 379: 1, 431: 2, 534: 7, 563: 2, 567: 2, 618: 2, 629: 14, 649: 1, 667: 6, 680: 7, 730: 1, 742: 13, 770: 1, 783: 1, 788: 14, 868: 1, 875: 1, 998: 1, 1003: 7, 1047: 14, 1104: 2, 1106: 7, 1108: 7, 1609: 1, 1822: 1, 1910: 1, 2912: 1, 3125: 7, 3206: 7, 3429: 7, 3432: 1};Britney Spears;3;7.510344827586207;6.526206896551724;6.1048275862068975;['sexy']
53;{1: 40, 2: 4, 3: 21, 4: 4, 5: 1, 6: 5, 7: 61, 8: 10, 11: 8, 12: 2, 13: 4, 14: 1, 16: 4, 17: 3, 18: 1, 19: 1, 25: 9, 26: 8, 27: 8, 28: 3, 29: 1, 30: 1, 31: 2, 35: 5, 36: 4, 37: 2, 40: 4, 41: 2, 45: 4, 46: 2, 50: 6, 51: 4, 52: 4, 57: 1, 62: 4, 63: 1, 67: 4, 73: 2, 80: 1, 82: 1, 86: 9, 88: 1, 99: 4, 110: 1, 115: 8, 118: 4, 121: 4, 129: 7, 130: 4, 134: 3, 136: 1, 137: 1, 138: 4, 153: 1, 160: 4, 164: 4, 168: 1, 173: 4, 203: 5, 241: 1, 265: 4, 310: 2, 322: 58, 353: 5, 364: 2, 378: 8, 467: 3, 480: 4, 529: 2, 645: 2, 711: 4, 742: 4, 755: 4, 790: 4, 843: 1, 881: 2, 922: 4, 934: 1, 935: 1, 938: 2, 1195: 1, 1228: 7, 1233: 3, 1244: 2, 1277: 1, 1294: 1, 1377: 1, 1419: 1, 1550: 1, 1593: 1, 1727: 1, 1744: 1, 1813: 2, 1919: 4, 1964: 4, 4342: 3, 4457: 4, 4783: 1};Chris Brown;Help Me;5.835;4.6;6.11;['flashy']
54;{1: 17, 2: 22, 3: 20, 4: 14, 5: 5, 6: 5, 7: 3, 8: 2, 9: 7, 10: 4, 11: 3, 14: 10, 15: 3, 16: 1, 17: 13, 18: 3, 20: 1, 21: 4, 23: 2, 25: 2, 26: 2, 27: 3, 28: 1, 30: 1, 31: 5, 33: 1, 34: 2, 35: 1, 36: 4, 37: 4, 40: 2, 45: 1, 46: 1, 48: 1, 49: 1, 52: 1, 55: 1, 56: 1, 63: 1, 67: 1, 68: 4, 70: 1, 72: 1, 74: 1, 78: 1, 83: 3, 84: 2, 87: 1, 109: 2, 110: 1, 122: 1, 132: 2, 136: 1, 163: 1, 165: 1, 167: 2, 171: 1, 182: 1, 196: 1, 199: 2, 210: 3, 214: 4, 215: 1, 233: 1, 240: 1, 254: 1, 267: 1, 271: 1, 274: 1, 277: 1, 285: 2, 287: 3, 290: 1, 291: 1, 306: 1, 320: 1, 336: 2, 348: 1, 355: 1, 360: 2, 372: 1, 396: 3, 398: 1, 410: 1, 433: 1, 495: 1, 506: 1, 509: 1, 583: 1, 618: 1, 623: 1, 642: 1, 646: 3, 752: 1, 753: 2, 777: 1, 794: 2, 868: 1, 901: 1, 946: 12, 969: 1, 979: 1, 993: 1, 1012: 1, 1175: 1, 1185: 1, 1190: 1, 1219: 1, 1309: 1, 1395: 1, 1439: 1, 1473: 2, 1768: 1, 1794: 2, 1815: 1, 1906: 2, 2111: 1, 2252: 1, 2321: 1, 2344: 2, 2723: 1, 2765: 1, 2964: 2, 3185: 1, 3296: 1, 4885: 1, 4960: 1};Noisettes;Bridge To Canada;3.71;3.4;3.0;['driving']
55;{1: 35, 2: 7, 3: 19, 4: 18, 5: 4, 6: 5, 7: 7, 8: 9, 10: 1, 11: 2, 12: 3, 13: 3, 14: 3, 15: 4, 19: 1, 21: 2, 22: 5, 23: 1, 24: 1, 25: 6, 26: 11, 29: 9, 31: 6, 34: 1, 35: 3, 36: 1, 37: 1, 39: 2, 40: 2, 44: 6, 45: 2, 48: 1, 49: 1, 50: 1, 54: 2, 55: 1, 56: 1, 57: 1, 59: 1, 62: 4, 63: 15, 69: 1, 71: 2, 72: 1, 82: 1, 84: 1, 98: 3, 100: 1, 108: 1, 110: 2, 113: 1, 118: 1, 121: 1, 124: 4, 129: 1, 130: 3, 132: 1, 145: 2, 152: 1, 163: 1, 164: 2, 168: 1, 172: 1, 180: 1, 182: 1, 187: 1, 188: 1, 195: 1, 202: 1, 210: 1, 214: 1, 227: 1, 231: 1, 233: 1, 235: 3, 237: 1, 242: 1, 276: 3, 277: 1, 281: 3, 294: 1, 308: 1, 320: 3, 333: 1, 339: 1, 355: 1, 370: 2, 373: 1, 396: 1, 403: 1, 465: 1, 518: 1, 568: 1, 613: 1, 633: 1, 634: 1, 638: 1, 656: 1, 678: 1, 679: 1, 771: 1, 790: 7, 882: 1, 890: 1, 911: 1, 1161: 1, 1228: 3, 1235: 1, 1266: 1, 1283: 1, 1346: 1, 1455: 1, 1471: 1, 1682: 1, 2102: 1, 2178: 1, 2536: 1, 2710: 1};Weezer;I Don't Want To Let You Go;5.692222222222222;3.668888888888889;5.136666666666667;['halloween', 'bittersweet']
56;{1: 9, 2: 3, 3: 10, 4: 3, 5: 4, 6: 1, 7: 21, 8: 7, 10: 2, 11: 4, 12: 1, 13: 3, 15: 1, 17: 9, 18: 2, 22: 10, 23: 10, 24: 1, 25: 1, 26: 10, 27: 1, 28: 4, 29: 1, 30: 2, 31: 2, 33: 3, 34: 8, 39: 1, 46: 2, 48: 2, 51: 2, 56: 2, 59: 3, 61: 5, 63: 6, 68: 1, 71: 4, 74: 1, 80: 2, 83: 5, 84: 4, 85: 1, 86: 2, 88: 1, 89: 2, 91: 1, 99: 7, 100: 10, 105: 1, 107: 1, 109: 1, 111: 2, 113: 1, 121: 1, 146: 2, 150: 1, 157: 1, 160: 1, 161: 3, 169: 1, 184: 1, 192: 1, 249: 1, 264: 3, 265: 1, 269: 8, 324: 1, 328: 1, 338: 1, 360: 1, 395: 1, 407: 2, 569: 2, 589: 1, 613: 2, 628: 4, 876: 1, 953: 3, 1188: 3, 1289: 1, 1456: 1, 2266: 1, 4890: 1};Kane;Rain Down On Me;7.265666666666667;5.281833333333333;6.218333333333334;['energetic']
57;{1: 24, 2: 9, 3: 1, 4: 9, 5: 7, 6: 9, 7: 5, 8: 11, 9: 6, 10: 2, 11: 7, 12: 5, 13: 4, 14: 2, 15: 2, 17: 1, 18: 2, 20: 4, 21: 1, 22: 13, 24: 1, 26: 4, 27: 1, 28: 1, 29: 1, 31: 1, 32: 7, 33: 2, 35: 1, 37: 11, 39: 1, 43: 1, 48: 1, 49: 4, 52: 1, 55: 2, 56: 1, 66: 1, 67: 4, 74: 1, 81: 1, 84: 2, 92: 1, 95: 1, 111: 1, 125: 1, 132: 4, 133: 1, 145: 1, 148: 1, 149: 4, 155: 5, 156: 1, 159: 1, 165: 1, 166: 1, 167: 1, 173: 3, 195: 1, 199: 6, 235: 1, 244: 4, 251: 1, 265: 1, 302: 1, 316: 1, 318: 1, 331: 1, 426: 1, 469: 1, 499: 1, 512: 1, 584: 1, 597: 1, 608: 1, 623: 1, 662: 4, 697: 1, 733: 6, 736: 1, 743: 1, 745: 1, 756: 1, 810: 4, 876: 1, 890: 1, 947: 1, 955: 1, 1050: 1, 1147: 5, 1342: 1, 1352: 1, 1457: 1, 1611: 1, 1747: 4, 1825: 1, 1925: 1, 1931: 1, 2135: 1};Anna Abreu;Shame;3.24;5.266666666666667;4.0216666666666665;['grim', 'erotic', 'desperate', 'tragic']
58;{1: 3, 2: 1, 3: 3, 4: 2, 6: 2, 7: 2, 8: 2, 9: 2, 11: 5, 17: 2, 28: 1, 29: 3, 44: 1, 52: 1, 53: 2, 73: 5, 80: 3, 101: 1, 144: 3, 149: 2, 200: 1, 254: 2, 336: 1, 409: 2, 419: 2, 503: 2, 506: 2, 777: 1, 844: 2, 1152: 2, 1157: 1};Devo;Sloppy (I Saw My Baby Gettin');6.43;4.35;5.82;['quirky']
59;{1: 11, 2: 4, 3: 7, 4: 5, 5: 6, 6: 2, 7: 1, 8: 2, 9: 1, 10: 4, 12: 1, 15: 3, 20: 2, 21: 14, 25: 2, 26: 2, 28: 1, 34: 4, 44: 1, 49: 1, 52: 1, 55: 1, 56: 1, 61: 2, 68: 2, 69: 1, 76: 1, 79: 1, 83: 1, 98: 4, 109: 1, 111: 1, 123: 1, 134: 1, 136: 1, 149: 1, 231: 1, 261: 1, 278: 1, 287: 1, 347: 4, 348: 1, 409: 4, 422: 4, 455: 1, 503: 1, 518: 1, 567: 1, 747: 2, 927: 1, 1124: 1, 1150: 1, 1972: 1, 2278: 1, 2532: 4, 2585: 1, 3441: 1};Mudhoney;The Money Will Roll Right In;5.86;4.45;5.52;['crunchy']
60;{1: 6, 2: 28, 3: 5, 4: 6, 5: 3, 6: 2, 7: 2, 8: 4, 9: 2, 10: 1, 12: 3, 13: 3, 16: 2, 17: 1, 18: 1, 19: 4, 22: 2, 23: 4, 27: 2, 43: 3, 45: 2, 46: 2, 48: 1, 52: 6, 56: 3, 59: 4, 68: 1, 69: 1, 74: 1, 86: 1, 87: 1, 88: 1, 89: 2, 93: 28, 94: 1, 110: 1, 123: 1, 130: 6, 142: 2, 148: 1, 159: 1, 193: 1, 197: 1, 200: 2, 202: 1, 203: 28, 206: 2, 207: 7, 215: 1, 216: 2, 219: 1, 229: 6, 241: 2, 256: 1, 269: 1, 270: 1, 312: 1, 331: 1, 354: 1, 377: 5, 382: 1, 390: 2, 392: 1, 394: 1, 396: 3, 432: 1, 466: 1, 488: 2, 489: 1, 573: 1, 605: 1, 778: 1, 820: 1, 833: 1, 844: 1, 858: 4, 871: 1, 918: 1, 987: 1, 1147: 1, 1711: 1, 1859: 1, 2699: 1, 3212: 1, 3887: 1, 4275: 2, 4644: 2};Extreme;Stop The World;4.1;4.346666666666667;4.886666666666667;['powerful']
61;{2: 2, 3: 5, 6: 6, 7: 2, 8: 15, 11: 3, 12: 11, 15: 2, 21: 1, 30: 3, 40: 1, 55: 3, 56: 1, 67: 3, 72: 6, 88: 10, 108: 3, 125: 1, 242: 3, 308: 3, 328: 1, 355: 3, 518: 1, 590: 14, 602: 3, 697: 1, 883: 3, 1271: 4, 1613: 3, 3639: 14, 3983: 3, 4663: 1};Vangelis;Twilight;5.404999999999999;2.72;5.0575;['gentle']
62;{1: 24, 2: 8, 3: 30, 4: 6, 5: 42, 6: 4, 10: 4, 11: 12, 12: 4, 13: 4, 14: 18, 21: 10, 26: 2, 28: 2, 29: 10, 31: 4, 32: 2, 39: 2, 55: 4, 67: 2, 72: 6, 75: 6, 79: 2, 81: 2, 91: 6, 97: 2, 108: 18, 124: 2, 132: 6, 137: 4, 140: 2, 150: 4, 156: 2, 165: 2, 166: 4, 169: 2, 172: 2, 188: 2, 191: 2, 203: 6, 204: 4, 217: 2, 235: 2, 255: 2, 265: 6, 267: 4, 276: 2, 280: 6, 294: 2, 305: 4, 308: 2, 353: 4, 460: 2, 465: 4, 472: 2, 497: 2, 502: 2, 542: 2, 549: 4, 612: 4, 769: 2, 773: 2, 1032: 4, 1043: 2, 1090: 4, 1093: 10, 1100: 2, 1120: 4, 1234: 2, 1312: 2, 1455: 2, 1675: 2, 1795: 2, 1831: 2, 1837: 2, 1937: 2, 2000: 4, 2415: 4, 2854: 4, 2991: 4, 3108: 2, 3322: 6, 3565: 2, 4075: 2};The Cure;Doubt;4.9;5.507058823529411;5.45529411764706;['intense']
63;{1: 30, 2: 9, 3: 7, 4: 5, 5: 19, 6: 14, 7: 7, 8: 2, 9: 1, 10: 1, 11: 2, 12: 26, 13: 3, 14: 21, 15: 5, 16: 3, 18: 2, 20: 20, 21: 3, 22: 4, 23: 17, 24: 3, 25: 5, 27: 4, 28: 3, 29: 1, 31: 1, 32: 4, 33: 12, 39: 2, 41: 2, 43: 10, 44: 1, 45: 1, 51: 2, 56: 1, 57: 3, 60: 15, 62: 2, 66: 1, 67: 2, 72: 3, 73: 6, 79: 3, 81: 1, 82: 1, 83: 2, 88: 1, 91: 1, 93: 2, 94: 2, 95: 4, 96: 1, 101: 1, 105: 1, 106: 1, 108: 1, 109: 1, 111: 1, 126: 4, 140: 1, 151: 2, 152: 4, 160: 3, 162: 2, 164: 2, 169: 1, 183: 3, 187: 1, 191: 1, 201: 1, 205: 1, 207: 2, 225: 3, 227: 1, 235: 1, 242: 1, 251: 1, 266: 3, 279: 1, 285: 1, 300: 2, 310: 5, 322: 2, 333: 1, 340: 1, 344: 2, 372: 1, 394: 2, 398: 1, 403: 1, 445: 1, 456: 4, 546: 1, 563: 5, 569: 2, 616: 2, 635: 4, 670: 1, 674: 1, 694: 1, 716: 2, 720: 10, 748: 1, 779: 1, 787: 2, 825: 1, 838: 1, 851: 5, 854: 1, 869: 1, 885: 1, 890: 1, 911: 1, 1027: 1, 1071: 2, 1093: 1, 1108: 1, 1124: 1, 1161: 1, 1177: 2, 1351: 1, 1473: 1, 1496: 1, 1698: 1, 1850: 1, 1916: 2, 1938: 1, 2050: 1, 2314: 2, 2318: 1, 2432: 1, 2614: 1, 2699: 1, 2839: 1, 2881: 1, 2906: 1, 3029: 3, 3157: 1, 4078: 3, 4720: 1};Nick Cave & The Bad Seeds;Loverman;5.610784313725491;5.648823529411765;5.369803921568628;['dark', 'erotic', 'atmospheric']
64;{2: 16, 3: 1, 4: 1, 5: 5, 10: 5, 13: 4, 19: 6, 21: 3, 22: 5, 23: 3, 26: 1, 27: 6, 32: 2, 39: 5, 57: 3, 65: 2, 69: 1, 73: 1, 75: 2, 79: 1, 86: 1, 92: 1, 93: 6, 94: 3, 111: 3, 125: 4, 131: 3, 142: 5, 146: 2, 171: 1, 280: 2, 316: 1, 329: 2, 376: 1, 464: 2, 916: 2, 988: 2, 1394: 1, 1600: 1, 2434: 1};Fun Lovin' Criminals;We Have All The Time In The World;6.724363636363637;3.4267272727272733;6.406545454545455;['relaxed']
65;{1: 27, 2: 13, 3: 20, 4: 11, 5: 4, 6: 6, 7: 4, 8: 16, 9: 26, 10: 4, 11: 15, 12: 12, 14: 17, 16: 13, 17: 1, 18: 3, 19: 9, 20: 1, 21: 7, 22: 1, 23: 2, 25: 2, 26: 1, 27: 4, 28: 1, 30: 2, 31: 5, 32: 1, 33: 1, 34: 6, 36: 1, 39: 2, 40: 12, 44: 3, 55: 1, 56: 3, 59: 1, 61: 1, 62: 2, 63: 3, 64: 6, 65: 2, 66: 1, 67: 12, 68: 2, 70: 3, 71: 2, 73: 6, 74: 5, 76: 1, 79: 2, 81: 8, 82: 9, 86: 1, 96: 3, 107: 1, 109: 3, 130: 7, 131: 3, 137: 1, 140: 3, 141: 3, 147: 1, 149: 2, 150: 1, 163: 1, 164: 2, 165: 1, 186: 1, 191: 2, 196: 3, 212: 3, 217: 1, 223: 1, 230: 3, 235: 3, 237: 1, 238: 3, 241: 1, 245: 1, 251: 5, 255: 2, 262: 4, 265: 1, 266: 1, 269: 1, 278: 1, 280: 1, 303: 1, 319: 1, 322: 1, 323: 3, 324: 1, 326: 1, 338: 2, 343: 5, 344: 2, 349: 1, 357: 1, 363: 6, 381: 1, 382: 3, 407: 1, 415: 1, 416: 3, 427: 3, 430: 3, 432: 2, 446: 4, 509: 3, 510: 3, 584: 1, 602: 1, 608: 1, 645: 1, 647: 1, 778: 1, 918: 4, 996: 2, 1028: 1, 1153: 3, 1198: 2, 1241: 1, 1272: 3, 1318: 1, 1640: 2, 1811: 2, 2312: 1, 2754: 1, 4039: 1, 4121: 2};Sophie B. Hawkins;Did We Not Choose Each Other;3.914285714285714;2.724571428571428;3.445714285714286;['lush']
66;{1: 9, 2: 9, 3: 7, 4: 6, 5: 6, 6: 3, 7: 5, 8: 9, 9: 4, 10: 1, 11: 1, 12: 7, 13: 2, 14: 2, 15: 1, 17: 5, 18: 1, 20: 2, 21: 1, 24: 4, 25: 1, 26: 3, 28: 3, 30: 3, 31: 1, 34: 2, 36: 2, 37: 1, 39: 2, 41: 2, 43: 2, 44: 2, 45: 2, 46: 1, 48: 1, 49: 1, 52: 2, 56: 2, 57: 1, 58: 1, 63: 1, 66: 1, 67: 1, 70: 4, 72: 1, 88: 1, 99: 1, 111: 1, 113: 1, 122: 1, 127: 1, 137: 2, 146: 1, 165: 1, 171: 1, 175: 1, 180: 1, 187: 1, 197: 1, 202: 1, 203: 1, 215: 1, 219: 1, 223: 1, 228: 1, 230: 1, 247: 1, 249: 2, 268: 2, 271: 1, 285: 1, 291: 1, 331: 1, 340: 1, 376: 2, 384: 9, 394: 1, 415: 1, 433: 1, 469: 1, 489: 1, 544: 1, 618: 1, 676: 1, 686: 1, 688: 1, 727: 2, 838: 1, 859: 1, 939: 1, 1035: 1, 1198: 1, 1250: 1, 1266: 2, 1333: 1, 1417: 2, 1440: 1, 1454: 1, 1994: 3, 2344: 1, 3078: 1, 3384: 1, 4148: 1, 4974: 1};Hanoi Rocks;Mental Beat;3.850000000000001;5.64;4.6;['sleazy']
67;{1: 1, 3: 1, 4: 1, 29: 1, 62: 1, 99: 1, 153: 1, 2578: 1};Shelby Lynne;Pretend;7.0200000000000005;3.753333333333333;5.986666666666666;['delicate']
68;{1: 10, 2: 2, 3: 16, 4: 3, 5: 2, 6: 1, 7: 43, 11: 11, 12: 1, 14: 3, 15: 1, 17: 1, 21: 5, 23: 2, 26: 1, 28: 2, 29: 5, 30: 2, 32: 2, 34: 5, 37: 2, 45: 2, 56: 5, 61: 6, 62: 1, 64: 1, 73: 5, 82: 5, 83: 5, 86: 1, 92: 1, 95: 6, 106: 1, 121: 2, 131: 1, 137: 1, 145: 37, 171: 1, 172: 1, 199: 2, 215: 1, 216: 1, 221: 1, 244: 1, 250: 2, 265: 1, 291: 12, 494: 1, 565: 1, 618: 6, 714: 1, 752: 5, 789: 1, 858: 1, 868: 6, 934: 1, 979: 6, 1067: 1, 1174: 1, 1280: 1, 1526: 1, 1713: 1, 2072: 1, 2084: 6, 3044: 1, 3758: 1};Mint Condition;Call Me;6.883333333333334;6.806666666666667;6.07;['erotic']
69;{1: 21, 2: 6, 3: 15, 4: 11, 5: 7, 6: 6, 7: 4, 8: 6, 9: 16, 10: 6, 12: 6, 13: 7, 14: 13, 15: 2, 16: 9, 17: 3, 20: 10, 22: 1, 23: 5, 24: 7, 25: 5, 26: 2, 27: 3, 28: 2, 29: 1, 30: 4, 31: 8, 33: 1, 35: 1, 36: 1, 40: 1, 41: 1, 43: 1, 46: 2, 52: 11, 53: 2, 54: 2, 55: 1, 56: 1, 57: 5, 58: 1, 59: 1, 62: 2, 65: 3, 74: 9, 80: 3, 82: 1, 84: 1, 88: 1, 91: 1, 92: 1, 95: 1, 108: 5, 113: 1, 115: 2, 116: 1, 130: 1, 131: 1, 132: 5, 135: 1, 140: 5, 146: 1, 175: 6, 186: 1, 193: 1, 227: 3, 228: 1, 231: 1, 239: 1, 240: 3, 241: 1, 242: 1, 247: 3, 259: 1, 287: 2, 395: 1, 410: 1, 435: 1, 480: 2, 489: 1, 510: 5, 529: 1, 531: 3, 537: 2, 573: 1, 602: 1, 618: 1, 658: 5, 698: 1, 711: 3, 742: 3, 770: 1, 824: 1, 924: 1, 1253: 1, 1276: 5, 1645: 1, 1682: 4, 1711: 3, 1859: 3, 1913: 1, 2133: 1, 2230: 1, 2239: 1, 2454: 1, 3768: 5, 4244: 3, 4353: 1, 4673: 4};Shakira;Objection (Tango);7.5288571428571425;6.283142857142859;6.4272857142857145;['fun', 'sexy']
70;{3: 7, 4: 1, 5: 2, 8: 5, 9: 2, 11: 1, 12: 12, 14: 4, 16: 2, 19: 2, 28: 10, 30: 8, 40: 1, 62: 1, 63: 2, 66: 1, 89: 7, 99: 6, 125: 2, 127: 8, 184: 1, 190: 1, 197: 1, 203: 3, 234: 2, 239: 1, 625: 1, 686: 7, 767: 1, 813: 1, 1407: 3, 1818: 2};The Summer Obsession;Where You Belong;5.802;3.486;5.68;['reflective', 'sentimental']
71;{1: 2, 2: 2, 4: 2, 5: 2, 6: 10, 11: 4, 12: 10, 13: 2, 24: 1, 25: 9, 30: 4, 32: 2, 45: 2, 46: 2, 79: 2, 92: 19, 96: 9, 135: 8, 138: 11, 146: 9, 206: 2, 230: 2, 256: 2, 274: 2, 290: 2, 379: 9, 417: 1, 422: 2, 618: 2, 636: 14, 721: 2, 1120: 2, 1269: 2, 1503: 1, 1515: 2};Bob Marley & The Wailers;Three Little Birds;7.12945945945946;3.9832432432432414;6.718108108108109;['mellow']
72;{1: 1, 3: 3, 5: 3, 16: 1, 17: 5, 18: 1, 22: 1, 31: 1, 33: 1, 44: 3, 49: 1, 59: 1, 132: 1, 231: 1, 417: 1, 540: 1, 646: 1, 1116: 1, 1563: 2, 2047: 1};U2;October;3.5814754098360653;2.315819672131148;3.530245901639344;['calm']
73;{1: 18, 2: 1, 3: 9, 4: 7, 5: 4, 6: 1, 7: 5, 8: 2, 9: 13, 10: 1, 11: 1, 12: 1, 13: 3, 14: 2, 15: 1, 16: 1, 17: 2, 20: 2, 23: 3, 24: 5, 26: 3, 27: 1, 28: 2, 30: 3, 31: 2, 33: 1, 37: 2, 39: 1, 41: 1, 44: 2, 45: 1, 51: 1, 61: 5, 63: 4, 66: 5, 67: 1, 70: 10, 75: 1, 81: 1, 95: 2, 99: 1, 108: 1, 110: 1, 119: 2, 121: 1, 124: 1, 127: 1, 132: 1, 134: 8, 140: 1, 152: 1, 156: 1, 168: 1, 214: 1, 220: 2, 231: 1, 265: 1, 269: 1, 274: 2, 283: 1, 289: 1, 316: 7, 340: 1, 390: 1, 418: 1, 434: 1, 462: 1, 519: 1, 584: 1, 1095: 2, 1255: 1, 1732: 1, 2252: 1, 2266: 1, 4486: 1};Evanescence;Good Enough;4.271034482758621;3.376034482758621;4.218620689655172;['sad']
74;{1: 2, 2: 13, 3: 16, 5: 10, 6: 1, 8: 2, 9: 6, 10: 1, 12: 6, 13: 1, 14: 5, 15: 1, 16: 13, 17: 11, 18: 1, 19: 2, 21: 4, 23: 1, 27: 1, 28: 9, 29: 7, 31: 2, 33: 2, 35: 2, 40: 1, 44: 1, 49: 1, 55: 1, 60: 3, 64: 1, 66: 1, 71: 1, 87: 1, 96: 8, 107: 2, 111: 1, 116: 4, 118: 1, 120: 1, 125: 1, 156: 1, 169: 8, 172: 1, 184: 1, 199: 2, 201: 1, 206: 8, 224: 4, 232: 1, 245: 10, 256: 1, 282: 1, 302: 2, 313: 1, 323: 8, 426: 1, 502: 2, 619: 1, 679: 1, 751: 2, 762: 1, 803: 1, 856: 2, 1075: 1, 1428: 2, 1713: 1, 2117: 1, 2449: 1};Lighthouse Family;Ocean Drive;6.751999999999999;4.039818181818182;6.517272727272727;['uplifting']
75;{1: 17, 2: 5, 3: 22, 4: 15, 5: 13, 6: 2, 7: 5, 8: 4, 10: 2, 11: 3, 13: 2, 15: 6, 16: 1, 18: 1, 19: 1, 21: 5, 25: 7, 26: 6, 28: 3, 29: 5, 32: 3, 34: 3, 35: 7, 40: 1, 41: 3, 43: 3, 44: 3, 46: 3, 50: 1, 52: 3, 56: 1, 58: 6, 61: 11, 66: 6, 69: 2, 74: 4, 76: 4, 78: 6, 81: 5, 82: 3, 83: 5, 84: 4, 89: 1, 91: 2, 92: 3, 109: 2, 111: 3, 113: 1, 115: 2, 119: 1, 122: 1, 134: 3, 136: 3, 141: 1, 149: 2, 153: 2, 154: 4, 160: 4, 164: 1, 173: 3, 213: 3, 219: 1, 223: 1, 249: 1, 254: 1, 255: 2, 260: 3, 269: 1, 271: 3, 284: 3, 295: 1, 301: 3, 329: 2, 350: 1, 356: 2, 384: 1, 399: 2, 573: 1, 615: 3, 631: 1, 658: 1, 782: 1, 799: 1, 832: 3, 927: 2, 1006: 3, 1267: 1, 1276: 1, 1370: 3, 1769: 3, 1963: 1, 2142: 1, 2452: 2, 3682: 2};Maroon 5;Sweetest Goodbye;6.449428571428571;4.203857142857141;5.9764285714285705;['mellow']
76;{1: 12, 2: 7, 3: 26, 4: 1, 5: 3, 6: 15, 7: 1, 8: 4, 9: 3, 10: 3, 14: 1, 16: 1, 17: 3, 18: 1, 19: 1, 26: 1, 27: 2, 31: 1, 32: 1, 35: 3, 36: 14, 41: 1, 43: 2, 48: 4, 50: 2, 51: 1, 52: 2, 54: 4, 55: 1, 56: 2, 58: 13, 61: 1, 68: 1, 70: 3, 72: 2, 73: 1, 75: 1, 84: 1, 85: 1, 89: 1, 98: 2, 105: 1, 107: 2, 110: 1, 113: 2, 115: 1, 122: 1, 134: 1, 136: 1, 138: 2, 143: 1, 148: 4, 168: 1, 172: 19, 180: 1, 185: 1, 187: 1, 199: 1, 211: 1, 220: 1, 224: 1, 232: 1, 235: 1, 237: 1, 239: 1, 245: 1, 258: 1, 268: 1, 271: 1, 289: 1, 290: 2, 349: 1, 366: 2, 376: 1, 380: 1, 392: 1, 398: 1, 418: 1, 419: 1, 424: 1, 483: 1, 488: 3, 492: 1, 501: 12, 583: 1, 663: 1, 769: 1, 870: 1, 935: 1, 1032: 1, 1096: 1, 1366: 3, 1409: 1, 1603: 1, 4445: 4};Eagles;You Never Cry Like A Lover (LP Version);7.25;2.49;7.09;['relaxed']
77;{2: 7, 3: 17, 4: 9, 5: 12, 6: 3, 8: 9, 9: 1, 10: 5, 12: 5, 13: 2, 14: 4, 15: 1, 16: 1, 17: 6, 18: 8, 21: 4, 24: 1, 25: 7, 26: 1, 29: 1, 31: 3, 33: 2, 34: 3, 43: 2, 46: 1, 48: 1, 50: 1, 58: 1, 61: 1, 69: 2, 81: 3, 82: 1, 89: 2, 93: 1, 99: 1, 100: 1, 113: 3, 132: 1, 134: 2, 147: 5, 148: 1, 150: 1, 162: 3, 163: 1, 168: 2, 173: 2, 186: 1, 190: 1, 191: 3, 221: 3, 223: 6, 232: 1, 244: 2, 250: 1, 266: 3, 316: 2, 328: 1, 330: 1, 445: 1, 487: 1, 534: 1, 617: 5, 635: 4, 686: 1, 690: 1, 723: 1, 735: 1, 756: 1, 808: 1, 810: 1, 855: 1, 1073: 1, 1095: 1, 1173: 1, 1357: 1, 1819: 1, 1869: 1, 2190: 1, 2270: 1, 2360: 1, 2874: 1, 3165: 1, 3788: 1, 4925: 2};Mariah Carey;Outside;5.113050847457627;3.45406779661017;5.56135593220339;['relaxed']
78;{1: 13, 2: 8, 3: 41, 4: 16, 5: 7, 6: 16, 7: 34, 8: 5, 9: 5, 10: 5, 11: 6, 12: 1, 13: 2, 14: 6, 15: 7, 16: 2, 17: 2, 18: 5, 19: 5, 20: 1, 21: 6, 22: 5, 23: 1, 25: 3, 26: 3, 27: 21, 28: 2, 29: 5, 30: 20, 33: 3, 35: 5, 36: 17, 37: 6, 41: 1, 44: 2, 46: 5, 48: 4, 49: 6, 50: 2, 51: 1, 54: 1, 55: 1, 56: 1, 58: 18, 61: 1, 63: 8, 64: 2, 66: 8, 67: 2, 69: 4, 72: 3, 73: 1, 75: 5, 78: 9, 79: 2, 81: 4, 82: 1, 88: 3, 92: 1, 95: 1, 99: 1, 101: 1, 103: 1, 106: 1, 111: 3, 113: 5, 116: 4, 118: 12, 120: 1, 121: 2, 124: 1, 125: 4, 130: 1, 131: 15, 133: 4, 135: 1, 145: 1, 147: 1, 148: 1, 153: 1, 154: 1, 156: 3, 165: 8, 195: 1, 221: 1, 223: 1, 239: 1, 249: 1, 254: 1, 258: 1, 271: 1, 280: 1, 282: 1, 287: 1, 294: 2, 307: 3, 312: 1, 343: 1, 345: 2, 347: 2, 367: 3, 373: 1, 422: 1, 510: 4, 633: 1, 731: 1, 756: 1, 772: 2, 921: 3, 970: 2, 1115: 1, 1193: 3, 1285: 2, 1362: 1, 1529: 1, 1633: 1, 1817: 1, 2147: 3, 2315: 1, 2606: 1, 2821: 1, 2872: 3, 4340: 1};Natasha Bedingfield;Love Like This;7.628333333333334;5.08;6.293333333333333;['sweet']
79;{1: 1, 2: 10, 4: 5, 8: 10, 9: 4, 10: 7, 12: 10, 15: 2, 18: 1, 22: 6, 25: 1, 28: 5, 29: 2, 31: 3, 33: 2, 35: 1, 37: 1, 45: 1, 49: 1, 53: 9, 59: 2, 61: 1, 62: 2, 66: 5, 70: 1, 75: 1, 80: 9, 93: 4, 95: 2, 97: 2, 115: 1, 116: 2, 121: 4, 122: 1, 134: 1, 145: 3, 215: 5, 284: 1, 292: 3, 310: 1, 311: 1, 335: 1, 340: 3, 381: 1, 439: 1, 461: 1, 462: 1, 528: 1, 534: 2, 569: 1, 571: 2, 620: 1, 645: 2, 758: 1, 850: 2, 980: 1, 1041: 1, 1950: 1, 2548: 1};The Velvet Underground;Stephanie Says;4.549803921568628;3.403823529411764;4.950490196078432;['sad']
80;{1: 10, 2: 6, 3: 4, 4: 14, 5: 2, 6: 10, 7: 6, 8: 8, 9: 2, 10: 2, 11: 6, 12: 10, 14: 4, 16: 6, 17: 2, 22: 6, 28: 4, 31: 2, 32: 2, 35: 2, 36: 6, 37: 2, 41: 2, 54: 4, 55: 6, 61: 2, 66: 2, 70: 2, 72: 2, 74: 2, 78: 2, 80: 2, 81: 2, 85: 4, 88: 2, 110: 2, 113: 2, 116: 2, 118: 2, 127: 2, 135: 2, 137: 2, 145: 2, 146: 4, 163: 2, 169: 2, 182: 2, 184: 2, 190: 2, 191: 2, 194: 4, 203: 2, 204: 2, 212: 4, 214: 2, 215: 2, 217: 2, 219: 2, 223: 6, 244: 2, 254: 2, 264: 2, 276: 2, 278: 2, 313: 2, 331: 2, 332: 4, 333: 2, 380: 2, 509: 2, 529: 2, 569: 2, 597: 2, 622: 2, 647: 2, 714: 2, 770: 2, 905: 2, 924: 2, 954: 2, 961: 2, 980: 2, 985: 2, 1004: 2, 1222: 2, 1350: 2, 1382: 2, 1476: 2, 1723: 4, 1924: 2, 3612: 2};K's Choice;God In My Bed;4.666;3.014;4.31;['quiet']
81;{1: 12, 2: 16, 3: 14, 4: 24, 5: 8, 9: 12, 10: 6, 11: 4, 15: 9, 16: 12, 17: 16, 18: 2, 27: 6, 40: 1, 45: 3, 48: 2, 55: 1, 61: 2, 62: 12, 92: 10, 119: 1, 156: 14, 168: 1, 188: 3, 289: 2, 338: 2, 592: 2, 929: 2, 989: 4, 1083: 4, 1154: 1, 1247: 3, 1396: 1, 1750: 1, 2152: 2, 2378: 3, 2380: 1, 2839: 2, 3139: 3};22-20s;Hold On;3.033333333333333;4.13;4.336666666666667;['brooding']
82;{1: 6, 2: 5, 3: 6, 4: 2, 5: 4, 6: 1, 7: 9, 8: 3, 9: 3, 10: 2, 11: 11, 20: 1, 22: 2, 23: 2, 24: 2, 25: 2, 31: 2, 37: 4, 46: 2, 48: 2, 49: 3, 51: 2, 52: 2, 53: 4, 54: 1, 68: 1, 70: 2, 71: 2, 72: 5, 74: 2, 78: 3, 85: 2, 89: 2, 101: 2, 107: 2, 120: 2, 144: 1, 153: 1, 154: 2, 155: 3, 165: 6, 167: 6, 173: 3, 192: 1, 195: 5, 199: 2, 207: 2, 216: 1, 231: 2, 282: 3, 291: 3, 292: 2, 339: 2, 344: 2, 355: 1, 358: 3, 366: 2, 422: 2, 426: 2, 480: 1, 503: 4, 525: 1, 654: 1, 677: 1, 682: 2, 799: 1, 970: 2, 995: 2, 1310: 2, 1330: 2, 1870: 2, 1915: 1, 1985: 1, 2631: 1, 2742: 1, 2836: 2, 3274: 2};Weezer;Mykel And Carli;6.586407766990291;4.900582524271845;5.632233009708738;['bittersweet', 'sweet']
83;{1: 2, 2: 8, 3: 2, 4: 5, 5: 5, 6: 5, 7: 4, 8: 3, 9: 3, 10: 4, 11: 10, 12: 3, 13: 1, 14: 4, 15: 2, 17: 2, 21: 1, 23: 1, 24: 2, 27: 1, 28: 2, 31: 1, 32: 1, 34: 2, 41: 1, 44: 1, 46: 1, 51: 1, 52: 1, 57: 1, 59: 2, 63: 1, 68: 1, 74: 2, 83: 1, 95: 2, 131: 1, 132: 1, 136: 1, 139: 1, 159: 2, 163: 3, 167: 2, 170: 1, 185: 1, 196: 1, 205: 1, 213: 1, 248: 2, 310: 1, 344: 1, 376: 1, 377: 1, 378: 1, 406: 1, 437: 1, 447: 4, 486: 1, 489: 1, 509: 1, 651: 2, 672: 1, 771: 1, 820: 1, 824: 1, 863: 1, 867: 1, 925: 1, 1046: 1, 1083: 1, 1306: 1, 1310: 1, 1333: 1, 1470: 1, 1471: 1, 1534: 1, 1668: 1, 1685: 1, 1697: 1, 1784: 1, 2468: 1, 2705: 1, 3365: 1, 3570: 1};Scott Matthews;City Headache;6.024516129032258;3.3016129032258066;6.112258064516128;['quiet']
84;{1: 5, 2: 8, 3: 5, 4: 2, 5: 11, 6: 1, 7: 3, 8: 1, 9: 1, 10: 1, 12: 6, 13: 2, 15: 3, 17: 1, 18: 1, 19: 1, 20: 3, 22: 2, 24: 1, 25: 3, 27: 1, 28: 1, 31: 4, 32: 1, 33: 1, 35: 2, 36: 1, 37: 1, 40: 1, 45: 2, 50: 1, 52: 2, 68: 2, 72: 1, 74: 1, 82: 2, 83: 2, 86: 1, 87: 2, 92: 1, 93: 2, 98: 1, 109: 1, 115: 1, 124: 2, 134: 1, 135: 1, 136: 1, 138: 1, 142: 1, 143: 1, 148: 1, 152: 1, 171: 1, 188: 1, 199: 1, 220: 2, 227: 1, 238: 1, 254: 1, 264: 1, 269: 1, 299: 1, 311: 1, 316: 1, 380: 1, 402: 1, 407: 1, 469: 1, 489: 1, 546: 1, 563: 1, 617: 1, 636: 1, 649: 1, 698: 1, 735: 1, 742: 1, 778: 1, 911: 1, 924: 1, 996: 2, 1017: 1, 1094: 1, 1130: 1, 1464: 1, 1634: 1, 1760: 1, 1861: 1, 1947: 1, 3527: 2, 3978: 1, 4657: 1, 4747: 2};K's Choice;20.000 Seconds;4.252;3.878;4.7;['light']
85;{1: 10, 2: 24, 3: 7, 4: 4, 5: 7, 6: 10, 7: 1, 8: 2, 9: 11, 10: 8, 11: 2, 12: 5, 13: 5, 15: 1, 16: 10, 17: 2, 18: 1, 19: 3, 23: 4, 28: 1, 29: 2, 31: 4, 33: 2, 34: 2, 35: 1, 36: 2, 37: 1, 41: 1, 43: 1, 44: 1, 45: 2, 46: 1, 49: 1, 50: 8, 52: 2, 53: 4, 54: 2, 57: 1, 60: 4, 62: 1, 66: 1, 68: 3, 74: 2, 78: 1, 82: 6, 86: 1, 88: 3, 89: 2, 91: 2, 97: 2, 106: 1, 109: 1, 115: 2, 119: 2, 121: 1, 123: 1, 124: 2, 125: 1, 126: 3, 127: 1, 129: 2, 133: 1, 134: 2, 136: 1, 139: 2, 140: 2, 147: 1, 149: 1, 153: 1, 164: 1, 168: 1, 188: 1, 190: 1, 196: 1, 197: 1, 201: 1, 204: 1, 206: 1, 212: 1, 224: 2, 233: 1, 245: 1, 257: 1, 268: 1, 280: 1, 282: 2, 297: 1, 339: 1, 342: 1, 352: 1, 371: 1, 375: 1, 390: 1, 402: 1, 409: 2, 419: 6, 420: 1, 422: 1, 426: 1, 440: 1, 448: 1, 450: 1, 452: 2, 462: 1, 497: 1, 515: 1, 561: 1, 568: 2, 574: 1, 601: 2, 607: 1, 661: 1, 718: 2, 720: 2, 721: 1, 787: 2, 789: 1, 792: 1, 829: 1, 1031: 1, 1046: 1, 1076: 1, 1086: 1, 1102: 1, 1161: 1, 1181: 1, 1186: 1, 1193: 2, 1261: 1, 1324: 1, 1327: 1, 1411: 1, 1563: 1, 1716: 1, 1779: 1, 1819: 1, 1989: 1, 1990: 1, 2547: 1, 2557: 1, 2659: 1, 2733: 1, 2770: 1, 2877: 1, 4411: 1, 4418: 1, 4486: 1, 4714: 1};The Killers;A Dustland Fairytale;6.565762711864407;4.728474576271186;5.58593220338983;['epic']
